symbol1,symbol2,correlation,n_obs
PETR3,PETR4,0.9401996848942773,6885
ELET3,ELET6,0.9110208884303852,6852
GGBR4,GOAU4,0.8924553244214966,6174
BBDC3,BBDC4,0.8657715919032228,6885
GGBR3,GGBR4,0.8030292955543932,5682
BRAP4,VALE3,0.7968798402864353,6288
CMIG3,CMIG4,0.7847559639607758,6880
GGBR3,GOAU4,0.7659524484978304,5682
BRAP3,BRAP4,0.7496967088587942,6210
BBDC4,ITSA4,0.7476787031426108,6885
GGBR4,GOAU3,0.7293218231930182,5471
GGBR3,GOAU3,0.7169103578251058,5349
GOAU3,GOAU4,0.7160604805995727,5852
CPLE3,CPLE6,0.7142872687510438,6753
BBDC3,ITSA4,0.6967909376463122,6884
CSNA3,USIM5,0.678541854695583,6668
CSNA3,GGBR4,0.6695250816179213,6174
USIM3,USIM5,0.6563850264888184,5961
GGBR4,USIM5,0.6538892460081835,6174
BRAP3,VALE3,0.6472417398091336,6207
GOAU4,USIM5,0.6403811465724019,6669
CMIG4,CPLE6,0.6331999922075207,6851
BRAP4,GGBR4,0.6174431605227284,6174
BBAS3,ITSA4,0.6120801788325434,6879
CSNA3,GOAU4,0.6116135684261201,6881
BRAP4,CSNA3,0.6061241250224055,6291
GGBR4,VALE3,0.6051208350591352,6173
BBAS3,BBDC4,0.600041840050284,6880
BRAP4,GOAU4,0.5978479500977085,6291
CMIG4,ELET6,0.5923270637916357,6851
BRKM3,BRKM5,0.5918090816315957,5048
CSNA3,GGBR3,0.591502640877167,5682
CMIG4,ELET3,0.5862917089066962,6851
CSNA3,VALE3,0.5743833554948262,6854
CPLE6,ELET6,0.5716893760153287,6852
BBAS3,BBDC3,0.5698671382607154,6879
GGBR3,USIM5,0.5696569516422791,5682
CPLE6,ELET3,0.559605720332513,6852
CYRE3,ITSA4,0.5551881315504259,5064
CMIG3,CPLE6,0.5494053402552964,6846
BRAP4,GGBR3,0.5477142405066278,5682
BRAP4,USIM5,0.5456308082517173,6291
CYRE3,LREN3,0.5437145993710747,5064
GOAU4,VALE3,0.5397042724414834,6856
GGBR3,VALE3,0.5393400956390928,5682
GOAU3,USIM5,0.5379417826747085,5770
BBDC4,PETR4,0.5360123525823579,6885
BBDC4,CYRE3,0.5350029513776717,5064
ITSA4,PETR4,0.5348405312273473,6884
CSNA3,GOAU3,0.5285366961891939,5851
BRAP4,GOAU3,0.5257497462390327,5538
CMIG3,ELET6,0.5252545852128077,6846
CMIG4,CPLE3,0.5232705275310009,6786
BBDC4,PETR3,0.5226093124396632,6885
BRAP3,GGBR4,0.5216301443667548,6093
CMIG3,ELET3,0.5203171148708323,6846
BBAS3,CYRE3,0.5190451243861973,5064
ITSA4,PETR3,0.5161893240749821,6884
CMIG4,ITSA4,0.5148345746002907,6884
BBDC3,CYRE3,0.5124423562017019,5064
CPFE3,CPLE6,0.5120706147656747,5230
BBAS3,PETR4,0.5119817363173645,6879
BRAP3,CSNA3,0.5118517194050057,6210
BRAP3,GOAU4,0.509184136152997,6210
CPLE6,SBSP3,0.5086178268569365,6852
BBDC4,CMIG4,0.5049515085925836,6885
CPLE6,ITSA4,0.5029878657166759,6851
GGBR4,PETR4,0.501299496952475,6174
CMIG4,SBSP3,0.4992896681788654,6885
CMIG4,CPFE3,0.4989005045700054,5264
GGBR4,PETR3,0.4971672267429912,6174
BBDC3,PETR4,0.4959446400574732,6884
ELET3,ITSA4,0.49510324755334584,6851
ELET6,ITSA4,0.49376052440390344,6851
BBDC4,CPLE6,0.49368582749278545,6852
GOAU4,PETR4,0.4929926183609064,6884
USIM5,VALE3,0.49182372527230633,6660
BBDC4,GGBR4,0.49172542580660217,6174
ITSA4,SBSP3,0.49130552420648044,6885
GGBR4,ITSA4,0.48913998067181447,6174
CYRE3,RENT3,0.4871679543928729,5064
PETR3,VALE3,0.48595898342678817,6856
BBDC3,PETR3,0.4857036761144009,6884
CSNA3,USIM3,0.4844712469400927,6005
CSNA3,PETR4,0.48420494342935877,6881
BBDC4,ELET3,0.48296735015852627,6852
GGBR4,USIM3,0.48218187491177733,5765
BBAS3,PETR3,0.4816031839194403,6879
BBDC4,RENT3,0.48144655003332854,5106
BBDC4,ELET6,0.4814316810014811,6852
CMIG3,CPLE3,0.4810232388539258,6781
CMIG4,PETR4,0.47852362991550723,6884
BRAP4,PETR3,0.4771516778242052,6291
BRAP3,GGBR3,0.47698309919292387,5602
ELET3,PETR4,0.4764403291778431,6851
CPLE6,PETR4,0.47640082792238914,6851
BBDC3,RENT3,0.4762541159468097,5106
GOAU4,PETR3,0.4757112058046798,6884
CPLE3,ELET6,0.4757025503780365,6753
GGBR3,USIM3,0.47568349318377723,5519
BRAP4,PETR4,0.47554477205397,6291
PETR4,VALE3,0.4753984125492838,6856
BRAP3,GOAU3,0.4744450571215731,5463
CSNA3,PETR3,0.47400723949652546,6881
BBDC4,SBSP3,0.4728331687100122,6886
CYRE3,RAPT4,0.47051405602262286,5063
ELET6,PETR4,0.47029509328423474,6851
LREN3,RENT3,0.46993343781134633,5080
BBDC3,GGBR4,0.4697376191352667,6174
BBDC3,CMIG4,0.46852318606928933,6884
ITSA4,RENT3,0.46838701862605636,5106
CPLE3,ELET3,0.4671624241488365,6753
GOAU3,VALE3,0.46633494838209394,5837
ITSA3,ITSA4,0.4660240477129514,5710
BBAS3,CMIG4,0.46552746987499793,6879
BBDC3,CPLE6,0.46528091429270513,6851
GOAU4,ITSA4,0.4651630581123477,6884
CCRO3,CYRE3,0.4649222316702584,4895
ELET6,SBSP3,0.4610779548359944,6852
BBDC3,ELET3,0.45830658516138767,6851
BBDC3,SBSP3,0.45780584493777454,6885
BBDC4,GOAU4,0.4573322484354539,6885
CPFE3,ITSA4,0.4569049331672282,5264
CPLE6,PETR3,0.4555951436902863,6851
CCRO3,RENT3,0.45447896371851665,4937
CMIG4,PETR3,0.45446658676431984,6884
BRAP4,ITSA4,0.4541343861166704,6291
BBAS3,ELET3,0.4526553760922096,6846
CMIG3,SBSP3,0.45234701958040324,6880
ITSA4,USIM5,0.4519118260312528,6669
BBDC3,ELET6,0.4515117317565787,6851
CYRE3,GOAU4,0.45111316605822577,5064
BBAS3,ELET6,0.45054577331430007,6846
BRAP3,USIM5,0.4503576305389991,6210
PETR4,USIM5,0.4497646531078484,6668
CMIG3,ITSA4,0.44966872453882173,6879
CMIG3,CPFE3,0.4491358762912346,5264
BBAS3,CPLE6,0.4487180277471696,6846
BBDC4,CPFE3,0.44789293576546424,5264
ELET3,SBSP3,0.44772180380827575,6852
BBDC4,CSNA3,0.44754949013024203,6882
GGBR3,PETR4,0.44735169209687176,5682
BBAS3,GGBR4,0.44688933678620657,6171
CSNA3,ITSA4,0.44576447725027785,6881
ELET3,PETR3,0.4448292491512831,6851
CPLE6,CYRE3,0.44352600575781786,5030
BBDC4,BRAP4,0.44282760039572655,6291
CYRE3,SBSP3,0.4425985912056314,5064
BBAS3,USIM5,0.44139322407908566,6666
BBDC4,USIM5,0.44063911435349623,6669
CYRE3,GGBR4,0.44053665907788275,5064
ELET6,PETR3,0.43978384781412583,6851
GGBR3,PETR3,0.4392917427617807,5682
BBAS3,RENT3,0.4378887334947246,5106
BBDC3,CPFE3,0.4378134982542286,5264
PETR4,SBSP3,0.4369464715778621,6885
BBDC4,CMIG3,0.4356624871687876,6880
GGBR3,ITSA4,0.4322209178886825,5682
CYRE3,PETR4,0.4321744012040872,5064
BBAS3,SBSP3,0.4315238145353733,6880
BBDC3,GOAU4,0.4306580901233836,6884
BBDC3,CCRO3,0.4304186882336734,5665
CYRE3,ELET3,0.42979554823488014,5030
BBAS3,CMIG3,0.4297934121908564,6874
CPLE3,ITSA4,0.42962328804204164,6786
BBDC3,CSNA3,0.42956246151139105,6881
BBAS3,GOAU4,0.4291973668771243,6879
CPFE3,ELET3,0.42896188989252176,5230
GOAU4,USIM3,0.42806182427666656,6005
CYRE3,ELET6,0.4270842157415786,5030
CPFE3,CPLE3,0.4266279214494495,5172
CPFE3,SBSP3,0.42559456744382207,5264
PETR3,USIM5,0.42520930081892044,6668
BBAS3,BRAP4,0.4250889511475895,6288
CYRE3,POMO4,0.4245601877582975,5064
BBDC4,CCRO3,0.423906670051683,5665
CPFE3,ELET6,0.42303858596253413,5230
CYRE3,PETR3,0.42277391912911966,5064
CCRO3,ITSA4,0.4225105007085056,5665
CPFE3,CYRE3,0.4214298779477353,5064
PETR3,SBSP3,0.42103644594449396,6885
BBDC4,GGBR3,0.41981996900529717,5682
CMIG4,CYRE3,0.4194742629819877,5064
BBAS3,CSNA3,0.41718118427263196,6876
CYRE3,GUAR3,0.41674208168100046,5048
BBDC3,BRAP4,0.41672013120138507,6291
CPLE3,SBSP3,0.4165915649720461,6787
BBDC3,CMIG3,0.41638003172336446,6880
BBDC3,USIM5,0.4157601669435155,6669
GOAU3,USIM3,0.4148155754503107,5520
CYRE3,USIM5,0.4142661640325832,5064
BBDC4,CPLE3,0.41290588162627045,6787
GOAU3,PETR4,0.41218312038111693,5851
CMIG3,PETR4,0.41121033512819477,6879
BRAP3,PETR4,0.409627127728274,6210
BBAS3,CPFE3,0.4095296961013066,5264
CYRE3,GGBR3,0.4089757501116201,5064
ITSA4,LREN3,0.4085837558561191,5092
CSNA3,CYRE3,0.4082685698471021,5064
BRAP4,USIM3,0.40772130052417743,5850
BBDC3,GGBR3,0.40766414453301725,5682
CPLE6,GGBR4,0.4073887964382118,6140
BRKM5,GGBR4,0.40725660939197234,5783
ELET3,USIM5,0.40657019373936576,6635
BRAP3,PETR3,0.40644858079607027,6210
BBDC4,LREN3,0.405491787077898,5092
BBAS3,CCRO3,0.405491251565481,5665
CYRE3,GOAU3,0.4051799019996139,5039
CPLE6,TRPL4,0.40418282708433106,6274
CMIG4,GOAU4,0.40236960218069223,6884
BBDC4,ITSA3,0.4013660651245614,5710
CPLE3,PETR4,0.40133461188308095,6786
CCRO3,CPFE3,0.4011260542428599,5095
ITSA4,VALE3,0.4009570141142684,6856
BBAS3,GGBR3,0.40041857467702796,5681
CMIG4,TRPL4,0.40024772513816237,6274
ITSA4,PSSA3,0.40013555470429213,5229
GOAU3,PETR3,0.39918103300077057,5851
CMIG4,USIM5,0.3985553670471942,6669
RAPT4,RENT3,0.39816776084753613,5105
CMIG4,GGBR4,0.39768157483585537,6174
BBDC3,ITSA3,0.3972746110169052,5710
BBDC3,CPLE3,0.3964150280116025,6786
RENT3,SBSP3,0.3960780936816436,5106
GUAR3,LREN3,0.39555220869103824,5067
ELET6,USIM5,0.39523932503986947,6635
CPLE6,GOAU4,0.3949621880649515,6851
CPLE6,USIM5,0.3939175247618532,6635
BRKM5,GOAU4,0.392746009061998,5783
BBAS3,CPLE3,0.39274416907295256,6781
ELET3,GOAU4,0.39240935844814606,6851
POMO4,RAPT4,0.39169063417282324,6595
GGBR4,SBSP3,0.3915610726977349,6174
CMIG3,PETR3,0.3911015202250948,6879
BBDC3,LREN3,0.39089768792244417,5092
ELET6,TRPL4,0.3897856900891155,6274
CMIG3,CYRE3,0.3878530773604656,5064
BBDC4,VALE3,0.3863975580076623,6857
ALPA4,CYRE3,0.3860210843545709,5023
ELET6,GOAU4,0.38599856397932186,6851
BBDC4,BRKM5,0.3859246715930798,5783
CPLE6,RENT3,0.385131517898655,5072
CMIG3,TRPL4,0.384843060782092,6274
ELET3,GGBR4,0.3843719355030862,6140
BBDC4,BRAP3,0.3842645479789582,6210
GGBR4,RENT3,0.3841129491164921,5106
CSNA3,ELET3,0.3837413289051322,6848
CPLE3,CYRE3,0.38353956663586464,4972
GOAU4,SBSP3,0.3834763423929744,6885
BRKM5,CSNA3,0.38242422300764767,5783
ELET6,GGBR4,0.38164963159286036,6140
BBDC4,PSSA3,0.38128661661227,5229
BRAP3,ITSA4,0.38108698746717984,6210
GGBR4,KLBN4,0.38087011153869604,5949
BBAS3,LREN3,0.38071827159015426,5092
CCRO3,PETR4,0.3795032309903663,5665
BRKM5,ITSA4,0.37882791281929795,5783
GOAU4,RENT3,0.37880432318233925,5106
BRKM5,USIM5,0.3783661031815289,5783
BBDC3,PSSA3,0.37836151779703353,5229
BBDC3,BRKM5,0.37816192832736534,5783
CPLE3,PETR3,0.377815080710073,6786
CMIG4,CSNA3,0.37752566740475213,6881
CPFE3,PETR4,0.37705379024533336,5264
BRAP4,CPLE6,0.37703400711979357,6257
GOAU3,ITSA4,0.3765784726229054,5852
BRAP4,CYRE3,0.3763420224205911,5064
CCRO3,CMIG4,0.374856561264321,5665
CMIG3,GOAU4,0.37461312886348314,6879
CPLE6,LREN3,0.37442766401269656,5058
BBAS3,PSSA3,0.3740117527208589,5229
GUAR3,RENT3,0.3739232017954988,5089
CSNA3,ELET6,0.3734003387193642,6848
GGBR4,RAPT4,0.37237896697434636,6095
CCRO3,RAPT4,0.3722390636784776,5636
CMIG3,GGBR4,0.37221725558997376,6174
BRAP4,CMIG4,0.37198701820473157,6291
CSNA3,RENT3,0.37123246456790954,5106
GOAU4,KLBN4,0.37086505852066304,5949
ELET3,TRPL4,0.37082335027244756,6274
CPFE3,RENT3,0.3706141198989648,5106
SBSP3,USIM5,0.37050846958041445,6669
PETR4,RENT3,0.3704384513406272,5106
BBDC4,GOAU3,0.37031745207561806,5852
CCRO3,CPLE6,0.369849765459155,5665
CPLE6,CSNA3,0.36970158231118705,6848
BBAS3,GOAU3,0.3694335814225654,5849
ITSA4,POMO4,0.3693343501284427,6696
BRKM5,GGBR3,0.36889035301102163,5580
CPFE3,PETR3,0.3685668485336252,5264
BBAS3,ITSA3,0.3679140891279779,5709
BBDC3,VALE3,0.3668840164261562,6856
POMO4,RENT3,0.3666643469894154,5106
BRAP4,SBSP3,0.3662811509438783,6291
GGBR3,RENT3,0.3655347831984315,5106
BRAP4,KLBN4,0.36526311159375613,5949
BBDC3,GOAU3,0.3650301253308366,5852
BRKM5,GOAU3,0.3642978975651822,5354
CPFE3,LREN3,0.36406965262357305,5081
ITSA4,KLBN4,0.3637626932090713,5949
ITSA4,RAPT4,0.3629832308859615,6766
CCRO3,LREN3,0.3627867874623048,4914
CMIG3,USIM5,0.36276886300900046,6669
CCRO3,PETR3,0.36045639945324875,5665
BBDC4,RAPT4,0.3597386401948394,6767
CPFE3,TRPL4,0.3582202491924744,4986
CPFE3,GOAU4,0.35817469376210626,5264
CCRO3,ELET3,0.35795519187866875,5665
PETR3,RENT3,0.35773734562792975,5106
RENT3,USIM5,0.35772314126024773,5106
ELET3,RENT3,0.35757293318672506,5072
CCRO3,SBSP3,0.3568478818353839,5665
ALPA4,RENT3,0.3567539506160282,5064
GOAU3,RENT3,0.35657956931934504,5081
GGBR3,KLBN4,0.3562652418267868,5652
CYRE3,USIM3,0.3538300601041071,5056
PETR4,RAPT4,0.3537954164987802,6766
BBDC3,BRAP3,0.3529466632652037,6210
ELET6,RENT3,0.3527140080196824,5072
CCRO3,CMIG3,0.35204852483090604,5665
BBAS3,BRAP3,0.35158330763930834,6207
USIM3,VALE3,0.351438855628072,5999
CMIG4,RENT3,0.3510817668547911,5106
BRKM5,KLBN4,0.35057726369310416,5783
CCRO3,ELET6,0.35052629252741657,5665
CPFE3,GGBR4,0.35049377151726074,5264
GOAU4,RAPT4,0.34971296173101657,6766
CYRE3,VALE3,0.3488962015194959,5064
CMIG3,CSNA3,0.3488478974509881,6876
BRAP3,USIM3,0.3486747765132135,5772
BRKM5,PETR3,0.3486198299959912,5783
BRAP4,CMIG3,0.3480559147443768,6291
BBAS3,RAPT4,0.34792469878922605,6761
FESA4,GGBR4,0.34784323284934193,6057
CYRE3,GRND3,0.34739134428407836,5064
BBAS3,VALE3,0.3471167595461181,6851
CSNA3,SBSP3,0.3470773096752016,6882
GGBR3,RAPT4,0.3469184996290362,5659
BRAP4,BRKM5,0.34612955105302856,5783
SBSP3,TRPL4,0.34590075472016424,6274
CPLE6,GGBR3,0.3457911223436977,5648
BBDC3,POMO4,0.3451913684599372,6697
KLBN4,USIM5,0.3448979022023558,5949
ALPA4,GUAR3,0.3444684868709638,5654
BRAP4,ELET6,0.34404214619781304,6257
BRKM5,PETR4,0.3439196338089649,5783
BRAP4,ELET3,0.3437378530792609,6257
CSNA3,KLBN4,0.3431463494859399,5949
TELB3,TELB4,0.3429136172681471,5368
BRKM5,UNIP6,0.34271022926219524,5782
CPLE3,GOAU4,0.342634770957584,6786
BRKM5,CPLE6,0.3425179488936432,5749
BBDC4,POMO4,0.3421834318070913,6697
PETR3,RAPT4,0.34205192514558475,6766
BBDC4,TRPL4,0.34148992859507044,6274
BBAS3,BRKM5,0.3412821651824359,5783
GGBR3,SBSP3,0.3404494067842879,5682
CYRE3,ITSA3,0.3401097809396199,4891
BRKM5,CYRE3,0.3396963443213929,5064
CCRO3,GOAU4,0.33962399714345665,5665
LREN3,RAPT4,0.33945208724627113,5091
GRND3,RENT3,0.33927916674245934,5106
BBDC4,KLBN4,0.3389558415792759,5949
CPLE6,GOAU3,0.33867383833546894,5818
BBDC3,RAPT4,0.33744337841763605,6766
ITSA4,TRPL4,0.3372815391987702,6274
CPFE3,RAPT4,0.3361401693680428,5263
RAPT4,USIM5,0.33598596575353523,6556
CPLE3,USIM5,0.33592100821987614,6576
CPLE3,GGBR4,0.3354846162982595,6081
BBAS3,TRPL4,0.3354030142121521,6271
BRAP4,FESA4,0.3353472023392974,6149
BBDC4,USIM3,0.335323000722595,6005
CMIG4,LREN3,0.3352356900875859,5092
CPFE3,CSNA3,0.3351909412344389,5264
BRKM5,SBSP3,0.33463700513754235,5783
CYRE3,PSSA3,0.3344610717754035,5064
PSSA3,RENT3,0.33343809679607744,5106
CPFE3,POMO4,0.3333634763080007,5264
SAPR4,SBSP3,0.33335252240475727,5778
FESA4,USIM5,0.33301708854663836,6373
CPLE3,TRPL4,0.33299315699396276,6181
CCRO3,GGBR4,0.33221879430664314,5665
CCRO3,CPLE3,0.33218668901675347,5572
FESA4,GGBR3,0.33116448396622356,5643
ELET6,LREN3,0.33106689778495657,5058
ITSA4,USIM3,0.33028981136921776,6005
GRND3,ITSA4,0.33012611814018045,5243
BRKM5,RENT3,0.32991947262857674,5106
ALPA4,LREN3,0.32961503135086173,5042
CPLE3,RENT3,0.32881576390659273,5014
BRKM5,ELET6,0.3281470501386417,5749
BBDC4,GRND3,0.3276387331427557,5243
BRAP3,CYRE3,0.3275256517108514,5004
GOAU3,KLBN4,0.32742618925993583,5381
BRKM5,ELET3,0.3273685841644269,5749
BBAS3,KLBN4,0.3271186176011018,5949
KLBN4,VALE3,0.3267820473350009,5949
CPFE3,GOAU3,0.3267387777597222,5215
GGBR4,LREN3,0.32626392619203093,5084
ELET3,LREN3,0.3261678197276179,5058
BBAS3,POMO4,0.32571508376715447,6692
BRAP4,RENT3,0.32547587743699646,5106
CPFE3,GGBR3,0.32491563638292414,5262
LREN3,SBSP3,0.32428343766165213,5092
CPLE6,SAPR4,0.323836322879641,5744
CPLE3,SAPR4,0.3235501204895436,5701
GUAR3,RAPT4,0.32334261341461945,5837
BRKM5,VALE3,0.32326261742034046,5783
CPFE3,USIM5,0.3230642997038904,5264
GRND3,RAPT4,0.32286452002093274,5242
CCRO3,GOAU3,0.3227133044176331,5201
CMIG4,GGBR3,0.3216497531983562,5682
BBDC3,GRND3,0.3215661932030784,5243
GOAU3,RAPT4,0.32122360069952277,5818
GGBR4,POMO4,0.32026472313337884,6138
LREN3,POMO4,0.3193408763732883,5089
CPLE6,PSSA3,0.3190443228113117,5195
EMBR3,GGBR4,0.3187108143198159,6135
CCRO3,POMO4,0.3184498437873184,5656
BRKM5,CMIG4,0.318224087330775,5783
BBDC4,GUAR3,0.3175249654655514,5871
CMIG4,VALE3,0.3174112576792911,6856
LREN3,USIM5,0.31705035536964976,5087
CPLE3,CSNA3,0.31680778825678085,6783
GGBR4,UNIP6,0.3164680098069125,6173
BBDC3,USIM3,0.3160936819097816,6005
ALPA4,GRND3,0.3160622565423269,5196
BRAP4,CPFE3,0.3158290561650202,5264
CYRE3,EMBR3,0.3155289302278628,5025
BBDC3,KLBN4,0.31536519374820543,5949
BBDC3,TRPL4,0.3150812356029996,6274
KLBN4,PETR4,0.31468529084386204,5949
CSNA3,RAPT4,0.3143490227974702,6764
BBDC3,GUAR3,0.3143142169879495,5871
ITSA4,UNIP6,0.31397964141296814,6878
KLBN4,PETR3,0.3139478240584097,5949
PETR4,POMO4,0.3137592422419539,6696
BRKM5,USIM3,0.31358101636793145,5609
CYRE3,KLBN4,0.31352426354194257,5064
RENT3,USIM3,0.3133407767172835,5096
GRND3,GUAR3,0.313234570451607,5201
GOAU3,SBSP3,0.3130016519016586,5852
CMIG4,SAPR4,0.31297682429818297,5778
CMIG4,GOAU3,0.3128691247007824,5852
CPLE6,VALE3,0.3125371521327144,6823
SBSP3,VALE3,0.3125359076794116,6857
GUAR3,ITSA4,0.3123751387292551,5871
ELET3,GGBR3,0.3123470504229926,5648
RENT3,VALE3,0.31223482856754536,5106
CMIG4,RAPT4,0.3120079398728169,6766
GGBR4,TRPL4,0.3113213063853119,5896
BRAP3,CPLE6,0.31132092267103634,6176
PETR4,UNIP6,0.31075090011830336,6878
CMIG3,RENT3,0.310505518660906,5106
CCRO3,PSSA3,0.3098008835375531,5060
BRAP4,TRPL4,0.30975269622608725,6013
BRKM5,CPFE3,0.30962460359601435,5264
CCRO3,GUAR3,0.3093436945659868,5351
BBDC4,UNIP6,0.3092738962188766,6879
LREN3,PSSA3,0.308800698692422,5081
GOAU4,UNIP6,0.3082194911699184,6878
PETR3,POMO4,0.30802155383221075,6696
CPLE3,LREN3,0.30775380753194737,5000
PSSA3,SBSP3,0.30774452639999644,5229
BRKM5,RAPT4,0.3077433832007831,5771
GGBR3,LREN3,0.30762920576982417,5082
ELET3,RAPT4,0.3076078550958257,6733
CYRE3,TRPL4,0.3075867743326853,4786
CCRO3,USIM5,0.30755422923578907,5665
ITSA3,RENT3,0.3072499769867579,4912
BRKM5,CCRO3,0.3072325306550166,5580
GOAU4,LREN3,0.30701061904079197,5092
CPLE6,KLBN4,0.30651111996363883,5915
BRAP3,CMIG4,0.3063315106487673,6210
BBAS3,USIM3,0.3055032592696433,6003
BRAP3,CMIG3,0.3052929063047364,6210
CPLE6,RAPT4,0.3052339007034291,6733
BRKM5,TRPL4,0.30502233326406636,5505
CCRO3,CSNA3,0.30395519233480695,5665
PETR3,UNIP6,0.3039313759028222,6878
ITSA3,PETR4,0.30327571613389387,5710
CMIG3,GGBR3,0.30288607420848707,5682
BRKM5,LREN3,0.3028608430301239,5082
ELET6,GGBR3,0.30259802781171063,5648
GOAU4,POMO4,0.30258132896350853,6696
BRAP4,CPLE3,0.30236797945766897,6198
BRAP3,SBSP3,0.30217514885268026,6210
KLBN4,SBSP3,0.3017446156100323,5949
LREN3,PETR3,0.30156850899558174,5092
CPFE3,VALE3,0.30153630401388604,5264
BBAS3,GRND3,0.30135408224029914,5243
PSSA3,RAPT4,0.3012781666963967,5228
BRKM5,CMIG3,0.3008973729420472,5783
ELET6,RAPT4,0.3005154512514528,6733
CPLE3,GGBR3,0.29976886463975777,5589
ALPA4,BBDC4,0.29944597835626,6282
FESA4,GOAU3,0.29941197723611856,5671
ELET3,GOAU3,0.2993005837541218,5818
LREN3,PETR4,0.29912951399411974,5092
CCRO3,GGBR3,0.2987347516430495,5434
CMIG4,PSSA3,0.29870626124248045,5229
BRAP3,BRKM5,0.29845004307783546,5702
RAPT4,SBSP3,0.29831849752920175,6767
CCRO3,GRND3,0.29789776132783785,5074
TRPL4,USIM5,0.29788562364151633,6274
CSNA3,LREN3,0.29710523470294864,5092
CPLE3,GOAU3,0.2969848137338984,5757
CMIG3,SAPR4,0.2969277435807696,5778
BRAP4,LREN3,0.2967898049395142,5084
ALPA4,CCRO3,0.29666092613679096,5490
CGAS5,CMIG3,0.29645966322446005,6015
ALPA4,ITSA4,0.29640415438097206,6282
CGAS5,CPLE6,0.2961801616073964,5983
PETR4,USIM3,0.2949395354673095,6004
FESA4,VALE3,0.29487051531352904,6421
CPLE6,POMO4,0.2947207781267293,6663
GRND3,LREN3,0.29465406560372776,5081
CSNA3,FESA4,0.29412185071843294,6431
UNIP6,USIM5,0.29356985423338866,6664
BRAP3,RENT3,0.29351592118617204,5043
COCE5,SBSP3,0.29350518262271513,6725
POMO4,USIM5,0.2934187603834066,6537
KLBN4,USIM3,0.2928186998382166,5660
BRAP4,RAPT4,0.29268864394794203,6200
CMIG3,RAPT4,0.2924857597377506,6761
BBDC3,SAPR4,0.29241717531464023,5778
FESA4,GOAU4,0.2920926214472307,6431
CPFE3,ITSA3,0.2919849907523251,4981
CCRO3,TRPL4,0.2918995729734552,5556
CMIG3,LREN3,0.2917870817604961,5092
CYRE3,ROMI3,0.29162070522374034,4847
GOAU3,LREN3,0.29145410061698546,5059
CPFE3,PSSA3,0.29140825065319276,5229
CPFE3,GUAR3,0.2911995695600326,5215
PETR4,PSSA3,0.29096912925826834,5229
CYRE3,SAPR4,0.29091101369525296,5007
PETR3,USIM3,0.2908374104318506,6004
CGAS5,TRPL4,0.2904953195879274,5766
ELET3,VALE3,0.29043808056456716,6823
CMIG4,UNIP6,0.29037198245162493,6878
GUAR3,POMO4,0.2901542394115969,5820
GOAU3,POMO4,0.289823723809716,5771
BRAP3,ELET3,0.28904249700863327,6176
ITSA3,PETR3,0.288902210242121,5710
ALPA4,BBDC3,0.28875698135522154,6281
BRKM5,CPLE3,0.2886568799167111,5691
BRAP3,KLBN4,0.2880636873873248,5868
CCRO3,ITSA3,0.2880128093688038,5064
CMIG3,GOAU3,0.2876168401465137,5850
ELET6,GOAU3,0.2873447702263014,5818
GGBR4,PSSA3,0.28709192610587475,5229
ELET6,KLBN4,0.2870387962143975,5915
BRAP3,FESA4,0.2870031808560135,6068
CPLE6,GRND3,0.2868758866870511,5209
CMIG4,KLBN4,0.28670046241560704,5949
GGBR3,POMO4,0.2859220259329962,5672
POMO4,SBSP3,0.28578316760792566,6697
BBDC4,SAPR4,0.2854154403755381,5778
GRND3,POMO4,0.2854061407083144,5243
ELET6,UNIP6,0.2853871347147754,6845
BRAP4,UNIP6,0.2851116960891225,6290
CPFE3,KLBN4,0.28468609575883724,5264
CSNA3,POMO4,0.2840395159269419,6696
CMIG4,POMO4,0.2838538162528297,6696
CYRE3,UNIP6,0.2836212365350143,5064
PETR3,PSSA3,0.2835806415435996,5229
CPLE6,UNIP6,0.2833022932895092,6845
CGAS5,ELET6,0.2831256489419262,5983
BBAS3,SAPR4,0.28293516587326856,5778
BRAP3,ELET6,0.2824730326487333,6176
ELET3,UNIP6,0.2824164380547547,6845
CMIG3,UNIP6,0.28219646262869746,6873
CSNA3,UNIP6,0.28147841823908376,6875
BBDC3,UNIP6,0.2811551903072632,6878
CPLE3,PSSA3,0.2810845466697904,5137
CYRE3,ETER3,0.28073962836817357,5064
GOAU4,PSSA3,0.27990775345850194,5229
ELET3,POMO4,0.2797855753102714,6663
KLBN4,TRPL4,0.27933854364937627,5671
BRAP4,CCRO3,0.2793315211697603,5665
ELET6,VALE3,0.2793107667554826,6823
CMIG3,PSSA3,0.279248634264362,5229
CPFE3,USIM3,0.2791070958794254,5250
BRKM5,POMO4,0.27910442132983765,5783
ITSA4,SAPR4,0.2789806722740011,5778
GGBR4,ITSA3,0.27795241971708934,5381
ITSA3,LREN3,0.2776663812752051,4905
ELET3,KLBN4,0.27716027399878834,5915
CPFE3,SAPR4,0.27709063591676514,5205
ELET3,PSSA3,0.277071919262465,5195
CMIG3,VALE3,0.2769727651644088,6851
GRND3,SBSP3,0.27692511224846467,5243
FESA4,RENT3,0.2766787321417881,5095
BBAS3,CGAS5,0.2760024034924102,6013
CGAS5,ITSA4,0.2759919845991854,6015
BBAS3,GUAR3,0.2759110276852439,5869
ELET6,POMO4,0.27560416066637416,6663
BBAS3,UNIP6,0.2753349393746108,6873
BRAP4,EMBR3,0.27517977908200325,6252
CPLE3,RAPT4,0.2741139776138805,6669
GGBR3,ITSA3,0.2729971942283524,5165
CGAS5,ELET3,0.27271794229275115,5983
COCE5,CPLE6,0.2724480640618361,6691
GGBR3,PSSA3,0.2723346894810663,5229
ELET3,GRND3,0.2722291321077008,5209
SBSP3,UNIP6,0.27215753097328554,6879
BRAP3,CPFE3,0.2721028045589832,5187
ELET3,SAPR4,0.27086966782432687,5744
CMIG4,GRND3,0.27075074396430043,5243
LREN3,VALE3,0.27060653905267557,5092
CPLE3,POMO4,0.27056944984578707,6601
ALPA4,PETR4,0.2697450567463944,6282
CMIG3,POMO4,0.26925249029286535,6693
ITSA3,SBSP3,0.2690770125340886,5710
ELET6,SAPR4,0.2690543093751045,5744
BRAP3,RAPT4,0.2688494364868252,6119
EMBR3,GGBR3,0.2686883452208787,5643
CPLE3,GUAR3,0.26851525315083946,5780
KLBN4,RENT3,0.2678305395574668,5106
RENT3,TRPL4,0.2677300836956232,4828
RAPT4,VALE3,0.2676936850136329,6739
SBSP3,USIM3,0.26767259589163667,6005
CCRO3,VALE3,0.2671052873971787,5665
GUAR3,SBSP3,0.26709965372235633,5871
ELET6,PSSA3,0.26707167521539266,5195
BRAP3,CPLE3,0.26695629198064763,6126
ITSA3,RAPT4,0.26685198690782674,5661
EMBR3,RENT3,0.2666889081925451,5067
POMO4,PSSA3,0.2665363202595631,5229
CMIG3,KLBN4,0.26627938466437456,5949
EMBR3,KLBN4,0.26607794885349045,5910
BRKM5,EMBR3,0.266036160726391,5744
CPLE6,GUAR3,0.265865790050783,5837
CMIG4,COCE5,0.26558015282675285,6725
FESA4,USIM3,0.2652614172467448,5880
CGAS5,CMIG4,0.26516519886734596,6015
GGBR4,GUAR3,0.2651033572438954,5626
GOAU3,PSSA3,0.2650022397068313,5199
ELET6,GRND3,0.2649881706925907,5209
GUAR3,PSSA3,0.2648660687897163,5193
GGBR3,UNIP6,0.2646379159098029,5682
GOAU4,ITSA3,0.26456122351556943,5709
ELET3,USIM3,0.26451715086459693,5971
CPFE3,GRND3,0.2644988919352992,5243
ALPA4,CPFE3,0.26439775378737596,5217
GOAU4,GRND3,0.2643801690866919,5243
RAPT4,UNIP6,0.26429797006511,6762
GOAU4,TRPL4,0.2642349840220255,6274
BRAP4,POMO4,0.2640060293714368,6237
BBDC4,CGAS5,0.26347003941447705,6015
CMIG4,ITSA3,0.26343104483568336,5710
CPLE3,VALE3,0.2630911943584692,6759
GGBR3,GUAR3,0.26247099759753645,5432
LREN3,USIM3,0.26183766663618663,5075
KLBN4,UNIP6,0.2613767663214166,5948
CMIG4,GUAR3,0.26098168460438337,5871
ALPA4,SBSP3,0.2609695674729666,6282
BRKM5,FESA4,0.2607834375710647,5763
CSNA3,PSSA3,0.2607452934670465,5229
LREN3,TRPL4,0.2603210627271367,4806
CGAS5,SBSP3,0.2601023103492331,6015
CGAS5,USIM5,0.2599552746691831,6015
BRKM3,GOAU3,0.259822968392907,4922
CPLE3,UNIP6,0.2593817904113459,6780
GGBR4,GRND3,0.2590239420709082,5243
PETR4,SAPR4,0.25889400761723286,5778
GGBR3,GRND3,0.25806868567441793,5242
PSSA3,USIM5,0.2579844838617016,5229
KLBN4,LREN3,0.25759258311969013,5084
GOAU3,GRND3,0.2567879772669582,5206
CPLE6,ITSA3,0.25669033220431753,5676
CGAS5,CPLE3,0.25644215449788,5923
GUAR3,USIM5,0.2564302614866097,5811
RENT3,SAPR4,0.2562164336746025,5048
GOAU3,ITSA3,0.25616736078992797,5240
BRAP4,PSSA3,0.25571814284269695,5229
CMIG3,GUAR3,0.25567606614658067,5870
GUAR3,PETR4,0.25550723364873695,5870
GOAU4,SAPR4,0.255358946389635,5778
PETR4,TRPL4,0.2551845444513381,6273
GOAU3,UNIP6,0.2550811639877631,5849
ELET3,GUAR3,0.2545009442737657,5837
FESA4,ITSA4,0.25443001244284014,6430
ALPA4,GGBR4,0.25441020960644467,5830
CSNA3,TRPL4,0.254025277706183,6273
CPLE3,GRND3,0.25373285082004365,5151
BRKM3,GGBR4,0.2530784014910883,5048
CPLE3,KLBN4,0.2528730412344065,5856
BRAP4,ITSA3,0.25278142808288845,5439
CMIG4,USIM3,0.2526851252136765,6005
BRAP3,UNIP6,0.2525408558331709,6209
CYRE3,FESA4,0.25228409102417093,5053
RAPT4,SAPR4,0.25217058132404296,5756
GUAR3,SAPR4,0.2518521862296422,5463
RAPT4,USIM3,0.25121226762423493,5967
RENT3,UNIP6,0.2512006679404294,5106
BBDC3,CGAS5,0.25079816486981193,6015
ITSA3,PSSA3,0.25079019311226,4963
BRAP4,CGAS5,0.2507640840679247,6015
RAPT4,ROMI3,0.2503812446893464,5289
GOAU4,GUAR3,0.24956574664410583,5871
CGAS5,GGBR4,0.2495585887036701,6015
ITSA3,USIM5,0.2492718601866918,5602
UNIP6,VALE3,0.2489932898783199,6851
COCE5,ITSA4,0.2489215283577782,6724
CCRO3,USIM3,0.24888464328744792,5449
GRND3,PSSA3,0.24877724135150436,5229
BRKM3,CSNA3,0.2487670746187604,5048
ALPA4,PETR3,0.24868078562780557,6282
ALPA4,RAPT4,0.2481294789741555,6217
ELET6,USIM3,0.24797442928443444,5971
BRKM3,UNIP6,0.24783418028919532,5048
EMBR3,USIM5,0.24780259993792078,6613
CPLE6,USIM3,0.24774399328247543,5971
COCE5,ELET6,0.2475968390236345,6691
POMO4,USIM3,0.24751680178384752,5948
CPLE3,ITSA3,0.24731838167330905,5617
GRND3,PETR4,0.2471907423353504,5243
GOAU3,GUAR3,0.24696165195937958,5452
ALPA4,BBAS3,0.2468024956422576,6282
BRKM5,CGAS5,0.2466301491236347,5707
CGAS5,PETR4,0.24658809143985636,6015
BRAP3,LREN3,0.24649541291211233,5022
COCE5,PETR4,0.24635682846219792,6725
CSNA3,GUAR3,0.245800831161402,5869
POMO4,VALE3,0.24552859779039035,6679
ELET6,GUAR3,0.24552095094466136,5837
CMIG3,ITSA3,0.24513736091734417,5708
RENT3,ROMI3,0.24512131997895306,4858
GUAR3,PETR3,0.24470444484266765,5870
ALPA4,ELET3,0.24454424016562631,6248
GRND3,USIM5,0.24434414782778396,5243
CPFE3,EMBR3,0.24332742430275403,5225
BRKM5,GUAR3,0.24264054731505996,5506
CSNA3,ITSA3,0.2425853330883662,5708
PETR3,SAPR4,0.2423097856171519,5778
ALPA4,POMO4,0.24230963081075763,6173
CCRO3,SAPR4,0.24221855247612714,5542
ALPA4,GOAU4,0.24220012617300957,6281
BBAS3,FESA4,0.24210157077782793,6428
CCRO3,UNIP6,0.24161206032132124,5665
CMIG3,COCE5,0.24149720116667558,6722
CPLE3,USIM3,0.2413542498693595,5913
ETER3,GGBR4,0.2407554738076487,6137
FESA4,PETR4,0.24036006908513632,6431
TRPL4,UNIP6,0.24023437789279076,6271
CMIG3,GRND3,0.24020954262065425,5243
BRAP3,TRPL4,0.24000711459898957,5932
BRKM3,GOAU4,0.23987286257966955,5048
GOAU3,SAPR4,0.23942370522503212,5300
GGBR3,ROMI3,0.23924564857916567,5114
BRAP3,ITSA3,0.23918914214599468,5372
ALPA4,CPLE3,0.2391515185936432,6191
BBDC4,FESA4,0.23904661011477185,6431
FESA4,RAPT4,0.23898248991863977,6350
FESA4,PETR3,0.23883517989433767,6431
ELET3,ITSA3,0.2386482133825559,5676
BRAP3,POMO4,0.2386007196520891,6156
GGBR4,ROMI3,0.23859752955245786,5250
ETER3,RENT3,0.23749215328372292,5106
ALPA4,USIM5,0.2374649080597886,6150
ALPA4,BRKM5,0.23736541782294876,5619
ETER3,USIM5,0.23727651928379656,6573
ALPA4,ELET6,0.23723058630655283,6248
ALPA4,GOAU3,0.2371393367902487,5607
BBDC4,COCE5,0.2364603025205026,6725
COCE5,CPFE3,0.23620557963585836,5257
CGAS5,GOAU4,0.2359185164528142,6015
BRAP3,PSSA3,0.23564169877441307,5154
ETER3,ITSA4,0.23550439600987663,6704
GRND3,PETR3,0.23545518529066856,5243
CSNA3,GRND3,0.23527485175260535,5243
GGBR4,SAPR4,0.23520068965675076,5778
BBDC3,FESA4,0.23519889210051584,6431
COCE5,ELET3,0.23510347457004035,6691
ITSA3,POMO4,0.23498951843765362,5627
KLBN4,RAPT4,0.23497257350491368,5903
CCRO3,ROMI3,0.2348297022398998,5015
GOAU3,TRPL4,0.2347958681723534,5439
CPFE3,UNIP6,0.23451220782505214,5264
PETR3,TRPL4,0.2343570029857823,6273
ALPA4,PSSA3,0.234335400001421,5182
PSSA3,TRPL4,0.2342981679724209,4951
ITSA3,VALE3,0.23421484005117413,5695
ALPA4,CMIG4,0.23418668385813443,6281
BRAP3,EMBR3,0.2339398191315877,6171
COCE5,PETR3,0.2337169559858871,6725
CCRO3,EMBR3,0.23370765511452268,5665
CGAS5,PETR3,0.23351626329063643,6015
BRKM3,CYRE3,0.2330537739044891,4776
POMO4,SAPR4,0.23300343768913764,5773
GOAU4,ROMI3,0.23297039501771563,5312
PSSA3,VALE3,0.2321922222174539,5229
GOAU3,ROMI3,0.23189051411710646,5028
CYRE3,SHUL4,0.23180781728397035,4550
FESA4,UNIP6,0.23167425707172903,6428
CGAS5,CSNA3,0.23149666826745854,6015
POMO4,UNIP6,0.23127112901016028,6692
BRAP3,CCRO3,0.2308174718913873,5584
ETER3,GOAU4,0.23081625755947222,6703
CMIG3,USIM3,0.2307513037222495,6005
BRKM3,LREN3,0.23061095863886347,4789
GUAR3,ROMI3,0.23048215068762581,5094
CGAS5,KLBN4,0.2303993781250221,5873
BBAS3,COCE5,0.23002166017214323,6720
ETER3,PETR4,0.22937297040618967,6704
LREN3,SAPR4,0.2291981827491664,5026
BBDC3,BRKM3,0.22913946681399533,5048
RAPT4,TRPL4,0.22913436754121289,6172
ALPA4,CPLE6,0.22885306000402764,6248
KLBN4,PSSA3,0.22853990558722562,5229
BBDC4,EMBR3,0.22805626904775927,6692
BBDC4,BRKM3,0.2277187093149862,5048
EMBR3,ITSA4,0.2275263024659833,6691
ELET6,ITSA3,0.22749621032394646,5676
GGBR3,SAPR4,0.22737271933500414,5542
SAPR4,TRPL4,0.22726117491609274,5500
BRKM3,GGBR3,0.2271057126604793,5016
KLBN4,POMO4,0.2271008638115432,5935
ALPA4,ROMI3,0.22693341178579132,5170
EMBR3,GOAU3,0.22677908153537768,5745
BRKM5,GRND3,0.2265035161006632,5243
GUAR3,ITSA3,0.22649853846990542,5243
CCRO3,KLBN4,0.22644377620837436,5665
CGAS5,CYRE3,0.22592576363532893,4988
ALPA4,CSNA3,0.2254546015007007,6280
SAPR4,USIM5,0.22530103269933358,5778
ALPA4,GGBR3,0.22524857049785882,5548
EMBR3,LREN3,0.22486295429678266,5053
CYRE3,SCAR3,0.22394511860593724,4819
BBDC4,ETER3,0.2237057392800301,6704
BRKM3,ITSA4,0.22358832854978505,5048
GGBR3,TRPL4,0.22207588221121016,5404
CCRO3,CGAS5,0.22191050045099658,5606
FESA4,LREN3,0.22157969319872695,5072
COCE5,CYRE3,0.22151028538821924,5057
CCRO3,ETER3,0.22141827615847534,5652
CPLE6,EMAE4,0.2209282941277578,6139
COCE5,CPLE3,0.22085787461963163,6626
BBDC3,EMBR3,0.2204579851215203,6692
ETER3,POMO4,0.2203261758336547,6562
ETER3,GUAR3,0.22030973850204552,5815
FESA4,KLBN4,0.220205683879916,5897
LREN3,UNIP6,0.2202015538832329,5092
PSSA3,USIM3,0.2200809342959137,5215
BBDC3,ETER3,0.2199044295409533,6703
BRKM3,RENT3,0.21969799974646964,4808
ETER3,RAPT4,0.21959507043430526,6591
CSNA3,SAPR4,0.21950393376647076,5778
BRKM3,USIM5,0.21891184737313774,5048
ALPA4,CMIG3,0.21872629913797706,6278
EMBR3,GOAU4,0.21860611082542342,6692
ETER3,SBSP3,0.21847104310765875,6704
CGAS5,UNIP6,0.2180839333785858,6014
GRND3,TRPL4,0.21787889729223653,4965
ALPA4,BRAP4,0.2175640856889273,5894
GRND3,UNIP6,0.2171629722438492,5243
ETER3,PETR3,0.2169024387120143,6704
BRAP3,CGAS5,0.21657795865994384,5934
CSNA3,ETER3,0.21604292995896773,6700
FESA4,POMO4,0.21593258376811986,6339
CMIG4,EMAE4,0.21571004240405947,6172
ALPA4,ETER3,0.21551338262259295,6186
CGAS5,RENT3,0.21532190359056744,5030
GUAR3,USIM3,0.21530010553841963,5557
FESA4,SBSP3,0.21498151749950858,6431
GRND3,ITSA3,0.21476379340843557,4971
GRND3,ROMI3,0.21407445336978387,4909
BRKM5,ETER3,0.21390773363150117,5771
BRAP4,BRKM3,0.21366839515510325,5048
CPFE3,ETER3,0.2135182612270251,5262
ROMI3,USIM5,0.21341183558037036,5305
ETER3,LREN3,0.21339608669901344,5091
BBDC3,COCE5,0.21298656720500508,6724
EMBR3,GUAR3,0.21265889919704697,5788
GUAR3,SHUL4,0.21239747584437907,4798
GUAR3,UNIP6,0.21231628086404286,5870
CPFE3,FESA4,0.2121791227273806,5253
ITSA4,ROMI3,0.2120355502921357,5312
BRKM3,USIM3,0.2117324756506856,5022
ALPA4,SAPR4,0.21107746030196528,5599
ETER3,GGBR3,0.21073787529378973,5673
GRND3,SAPR4,0.21069024676273598,5184
BRKM5,PSSA3,0.21055078950834524,5229
POMO4,ROMI3,0.21014525644417892,5298
BRKM3,ELET3,0.21009615531316636,5014
UNIP6,USIM3,0.2100452680224062,6003
BAZA3,ITSA4,0.20994536151023788,5898
CPLE6,ETER3,0.20968290985126778,6670
CSNA3,ROMI3,0.20942428437692523,5312
ELET3,ETER3,0.2082618216766815,6670
EMBR3,TRPL4,0.20780545593108332,6273
BRKM3,CPFE3,0.207713661703701,4925
CGAS5,CPFE3,0.20769537116381287,5188
BRKM3,PETR3,0.20748144329078022,5048
CGAS5,GOAU3,0.2073430691628534,5346
CGAS5,RAPT4,0.20732760655385057,5943
ELET6,EMAE4,0.20703599455756388,6139
BRKM3,PETR4,0.20700927138423286,5048
ELET6,ETER3,0.20674693364645766,6670
ELET3,EMAE4,0.20672842836528638,6139
PETR4,ROMI3,0.20660470827972727,5312
CMIG3,FESA4,0.20658041306345568,6430
BAZA3,BBDC4,0.20636282684584392,5898
BRKM3,CMIG4,0.2063138285529123,5048
BAZA3,PETR4,0.20624320030921797,5897
ALPA4,USIM3,0.2061721504642157,5759
BRAP4,GRND3,0.20585288804627716,5243
BRAP3,GRND3,0.20547904898116037,5167
RENT3,SHUL4,0.2050935403275195,4559
BRKM3,CPLE6,0.20470757890640692,5014
BBDC4,ROMI3,0.2047030916404858,5312
CMIG4,ETER3,0.2045845696904459,6704
BRKM3,ELET6,0.20441108295600247,5014
FESA4,GRND3,0.20434484721603524,5232
EMBR3,USIM3,0.2043142654730168,5942
EMBR3,PSSA3,0.2042162896498559,5190
BRKM3,POMO4,0.20396597474176872,5048
ALPA4,ITSA3,0.20354575716786547,5430
BRKM5,SAPR4,0.20329163257115526,5699
COCE5,CSNA3,0.20255466925389054,6722
ALPA4,KLBN4,0.2021573758563222,5733
LREN3,ROMI3,0.2020570387077103,4849
EMAE4,SBSP3,0.20198223569456408,6173
CCRO3,FESA4,0.20194086417120538,5634
CPLE6,EMBR3,0.20169195532245268,6692
CGAS5,GGBR3,0.20131232602316212,5597
CMIG4,EMBR3,0.2011911139819672,6692
EMAE4,TRPL4,0.20094253966203635,5580
BAZA3,PETR3,0.2008029652269306,5897
BRKM3,RAPT4,0.2007647430129267,5047
BRAP4,GUAR3,0.20058714149662055,5658
BRKM3,VALE3,0.20033870410535187,5048
COCE5,GOAU4,0.20020120132663405,6724
ETER3,GOAU3,0.20000097039213266,5779
BBAS3,ETER3,0.1998869604950158,6699
FESA4,PSSA3,0.1998041915797921,5218
TRPL4,USIM3,0.19951636352618526,5663
BBDC4,EMAE4,0.19945867827813124,6173
BRKM3,KLBN4,0.19945458437504182,5048
GUAR3,TRPL4,0.1992832381222453,5501
BRKM3,FESA4,0.19910611068339407,5037
CMIG3,EMAE4,0.1989578770940953,6167
CYRE3,KEPL3,0.19888286596834812,4816
BRKM3,GUAR3,0.19878542376659641,4972
EMBR3,PETR3,0.19795107217762759,6691
BRAP4,ROMI3,0.19781418493728462,5267
BRKM3,CCRO3,0.1977217832251058,4879
ITSA3,USIM3,0.1974983991933845,5317
CCRO3,SHUL4,0.19748030075116027,4614
ROMI3,SHUL4,0.1973299759737064,4586
ELET3,FESA4,0.1972468143472687,6397
BBDC3,ROMI3,0.19722220464531806,5312
EMBR3,SBSP3,0.1970474004563554,6692
POMO4,TRPL4,0.19663253237402897,6159
BBAS3,EMBR3,0.1965890972485702,6688
GRND3,USIM3,0.19640331631998964,5229
ALPA4,UNIP6,0.19601453584433756,6280
BRAP3,BRKM3,0.19599864175450107,4987
SAPR4,UNIP6,0.19580401097935643,5778
EMAE4,PETR4,0.19568852346452004,6172
BBAS3,EMAE4,0.1956116229407427,6167
RAPT4,SHUL4,0.1952267790707329,5022
BRAP4,SAPR4,0.19516660092182178,5778
COCE5,RENT3,0.19501517478517716,5099
CPLE3,ETER3,0.19478783220734003,6607
CMIG3,ETER3,0.19441474517241306,6701
CMIG4,ROMI3,0.19439925796185428,5312
BRKM3,CMIG3,0.1943483869066605,5048
CPLE6,FESA4,0.19404185158047352,6397
ELET3,ROMI3,0.19368808069596533,5278
GRND3,VALE3,0.19353724635984465,5243
BRAP4,ETER3,0.19349400334199968,6243
PETR3,ROMI3,0.19326275030295206,5312
ELET6,FESA4,0.1925061192030645,6397
CGAS5,GRND3,0.19241487362817614,5167
CPLE3,EMAE4,0.19240447459508234,6075
CMIG3,ROMI3,0.19203018541676783,5312
BRKM5,ITSA3,0.19193106099594404,5204
ELET6,ROMI3,0.19188523076034078,5278
EMAE4,PETR3,0.19177684029134545,6172
ROMI3,USIM3,0.19163219647861046,5165
CSNA3,EMBR3,0.19117439027554575,6689
BRAP3,GUAR3,0.19117226674324048,5582
CGAS5,POMO4,0.19109499992072757,5983
ETER3,UNIP6,0.1908346942882436,6699
ETER3,VALE3,0.19077869835979933,6681
BRKM3,SBSP3,0.19058371318389727,5048
FESA4,ROMI3,0.19054385338059726,5261
ELET6,EMBR3,0.19048716786322548,6692
EMBR3,PETR4,0.19028684234117957,6691
ROMI3,SBSP3,0.19028388609023927,5312
ROMI3,UNIP6,0.1901465852443597,5312
BOBR4,PETR4,0.18973486533204842,6167
CMIG3,EMBR3,0.18964291142200979,6692
ETER3,FESA4,0.1895364207846793,6350
CPLE6,ROMI3,0.18953421047653857,5278
TRPL4,VALE3,0.1894445319245817,6268
EMBR3,GRND3,0.18941631786472146,5204
CMIG4,FESA4,0.189283999878345,6431
BAZA3,BBAS3,0.18906102386825677,5895
CPFE3,ROMI3,0.1889990547251012,4925
COCE5,GGBR4,0.1884560999254651,6098
ETER3,GRND3,0.18834182947016725,5241
CGAS5,EMBR3,0.1878058502953772,5978
BRKM3,CPLE3,0.18779923598118073,4964
BOBR4,ITSA4,0.18734430383897668,6167
ETER3,USIM3,0.1870313752061037,5953
ELET3,EMBR3,0.18700310737729353,6692
CGAS5,GUAR3,0.18662247352469588,5508
ETER3,SAPR4,0.18649636127228766,5764
COCE5,KLBN4,0.1857585290767493,5923
GGBR3,SHUL4,0.18527189336688843,4748
BBDC4,BOBR4,0.18513200246071568,6168
BRAP4,COCE5,0.1849561955644132,6205
GUAR3,VALE3,0.18468599974939215,5866
ETER3,ROMI3,0.18432059450698912,5292
COCE5,USIM5,0.18427218402279788,6537
BBAS3,BRKM3,0.18381037849385726,5048
FESA4,ITSA3,0.18369010535311053,5504
ALPA4,EMBR3,0.18346609463633665,6142
BBAS3,BOBR4,0.1834588203724079,6162
COCE5,TRPL4,0.18341741791669522,6156
CTNM4,GOAU4,0.18322468381657536,6051
GRND3,KLBN4,0.18311493793693537,5243
BBDC3,EMAE4,0.18289092947525806,6172
ROMI3,SAPR4,0.18287208017179457,5133
CPFE3,SHUL4,0.18260966838770595,4630
EMBR3,VALE3,0.18234518228513266,6676
ALPA4,BRAP3,0.18222395530993915,5815
BRAP3,ROMI3,0.18217475467300767,5215
BOBR4,PETR3,0.18215975745903223,6167
FESA4,TRPL4,0.18180794831689617,6067
BAZA3,BBDC3,0.1818053154279127,5898
BBAS3,ROMI3,0.18144125948981146,5312
BAZA3,CPLE3,0.18136224935540593,5804
BAZA3,CPLE6,0.18131346937804127,5864
CPLE3,FESA4,0.1808939849319789,6337
CTNM4,ITSA4,0.18049991195723047,6052
GGBR4,SHUL4,0.18047280312078356,4843
CGAS5,VALE3,0.17959815821664132,6014
PSSA3,UNIP6,0.17949838899654344,5229
EMAE4,ITSA4,0.17936086100829307,6172
BRAP3,ETER3,0.1793110960635826,6162
BAZA3,BEES3,0.17923940867102287,4627
ROMI3,VALE3,0.17915359290716873,5310
BBDC3,BOBR4,0.17859662163242046,6167
BRKM5,COCE5,0.17835061301128013,5768
CCRO3,COCE5,0.17821622552142816,5648
ITSA3,KLBN4,0.1781485771596351,5286
BAZA3,CMIG4,0.177731361577487,5897
KEPL3,LREN3,0.17749061535790658,4824
BOBR4,USIM5,0.17704669525585934,5959
ALPA4,BRKM3,0.17697518091558773,5001
CGAS5,LREN3,0.17688677234154254,5008
BOBR4,GOAU4,0.17628610158259223,6167
BBDC4,CTNM4,0.1762284160875497,6052
CGAS5,SAPR4,0.1761666309315299,5702
BRKM5,ROMI3,0.17613778490308662,5183
ITSA3,SAPR4,0.17606657009060633,5192
BBAS3,SCAR3,0.17581285647730463,5447
FESA4,GUAR3,0.17565017975919192,5744
GGBR3,SCAR3,0.17539172239116124,5062
GUAR3,KLBN4,0.17531326054133728,5549
ALPA4,CGAS5,0.17514794408324819,5717
LREN3,SCAR3,0.17458829216096344,4829
CGAS5,USIM3,0.17440952624586345,5633
BBDC4,SHUL4,0.1741686315770761,5041
ALPA4,TRPL4,0.1741583457855795,5792
BAZA3,SBSP3,0.17405854009371288,5898
BAZA3,ELET6,0.1729262590299117,5864
ALPA4,VALE3,0.17286200194445017,6267
BAZA3,BRAP4,0.17262639472584723,5493
CMIG4,CTNM4,0.17241265084097118,6052
COCE5,RAPT4,0.17222051444930309,6624
BOBR4,CMIG4,0.17221323028776178,6167
COCE5,VALE3,0.1720082830456475,6700
CGAS5,FESA4,0.1718378626999683,5926
BAZA3,CYRE3,0.17155996358553022,4560
BOBR4,RENT3,0.1713062477437349,4469
EMBR3,UNIP6,0.17076469628068394,6688
ITSA3,TRPL4,0.1701537222204895,5266
CPLE3,ROMI3,0.16985415737810983,5221
BRKM3,TRPL4,0.1694805230130594,4770
GGBR4,SCAR3,0.16928709971657785,5258
RENT3,SCAR3,0.16913236746633042,4840
ITSA3,UNIP6,0.16892101040948188,5707
BRKM3,GRND3,0.16882878420528213,4907
BAZA3,CPFE3,0.16876535492687625,4694
SAPR4,USIM3,0.1681657807629068,5569
COCE5,GGBR3,0.16810193326693487,5656
CMIG3,CTNM4,0.16810187774881297,6048
BRKM3,ROMI3,0.16808004341306346,4716
PSSA3,SAPR4,0.16796146076329432,5170
BBDC3,SHUL4,0.16762257817141854,5041
CPLE6,SHUL4,0.1675829354160539,5007
EMBR3,POMO4,0.1675733897506549,6546
SAPR4,SHUL4,0.1675409738635936,4737
BRAP3,COCE5,0.16749752729942918,6125
BOBR4,CYRE3,0.16747046320378295,4428
BRAP3,SAPR4,0.1674508295808101,5700
CTNM4,USIM5,0.1672412936159294,5903
BRAP4,SCAR3,0.167203763835681,5329
BRKM3,SHUL4,0.16700010440174454,4419
BOBR4,ELET3,0.16679177024423933,6134
BAZA3,BRAP3,0.16625086191438707,5421
BAZA3,GOAU3,0.16613645197520935,5131
BOBR4,GGBR4,0.16595700170387215,5523
GRND3,SHUL4,0.16594420472020582,4625
EMBR3,ROMI3,0.1654258254770467,5268
CTNM4,ELET6,0.1645252301871634,6052
COCE5,POMO4,0.16417573938796481,6564
PSSA3,ROMI3,0.16406102862019317,4903
GOAU3,SHUL4,0.16401741335796313,4806
CTNM4,ELET3,0.1637745623826358,6052
BEES3,LREN3,0.16375587082236984,4888
CMIG4,SHUL4,0.16374721807725162,5041
GOAU3,SCAR3,0.16373881597342477,5105
FESA4,SHUL4,0.16350933822998462,4965
KEPL3,RAPT4,0.16324250451000957,5197
CSNA3,EMAE4,0.16318716757754778,6169
BOBR4,ELET6,0.1630262708647739,6134
COCE5,PSSA3,0.16279230976041667,5222
BEES3,GGBR3,0.16263754851826118,5016
BAZA3,GOAU4,0.1625055592401158,5897
BRKM3,EMBR3,0.1624637088039897,5009
BBDC3,CTNM4,0.16232937104804732,6052
ETER3,KLBN4,0.1619860796097188,5934
BEES3,ITSA3,0.16195723348586577,4863
COCE5,GOAU3,0.16187067562966742,5795
COCE5,GUAR3,0.16166381308713684,5822
GOAU4,SHUL4,0.16143217635247273,5041
BRKM5,SHUL4,0.1613957098270631,4773
CTNM4,GGBR4,0.1613377853339779,5476
CTNM4,PETR4,0.16044578165608936,6051
BRKM3,SAPR4,0.16043292809543208,4995
BEES3,CPFE3,0.16039349036746198,4952
ETER3,PSSA3,0.1599378091025873,5227
BOBR4,POMO4,0.1591632661096558,5994
EMBR3,SAPR4,0.15906081545802989,5739
BAZA3,ELET3,0.15899194144852907,5864
ITSA4,SCAR3,0.1586885940340099,5449
ETER3,ITSA3,0.15851858796552942,5623
BEES3,GGBR4,0.15837256125324206,5050
ALPA4,SHUL4,0.15831648881392504,4894
CTNM4,GRND3,0.15803485952421942,4562
CGAS5,ETER3,0.15790398441286974,5988
BAZA3,RENT3,0.1578913401032416,4585
SBSP3,SHUL4,0.1578311662520105,5041
BEES3,ITSA4,0.15768273364929883,5147
BOBR4,SBSP3,0.15702538790052628,6168
CPLE3,EMBR3,0.1567773537224119,6597
BEES3,BRAP4,0.1566740840692651,5055
CTNM4,PETR3,0.15663826240665582,6051
CPLE6,CTNM4,0.15662181121034155,6052
CTNM4,GOAU3,0.15654951473117076,5118
BOBR4,CPLE3,0.156521797911391,6085
CTNM4,GUAR3,0.1562912072743788,5144
CGAS5,PSSA3,0.15619155019202735,5153
BRKM3,ETER3,0.1558695252521398,5044
COCE5,GRND3,0.15583716267175426,5236
BOBR4,CPLE6,0.1557240047934088,6134
BBDC4,BEES3,0.1555899545460257,5148
BBAS3,CTNM4,0.15539321696396755,6047
BOBR4,CMIG3,0.15522974218906774,6162
COCE5,LREN3,0.15507831638706274,5085
BAZA3,VALE3,0.15483174438687,5884
BOBR4,RAPT4,0.1546527361771428,6058
BAZA3,GGBR4,0.1545859055543673,5407
BAZA3,USIM5,0.15456529294987084,5770
ALPA4,FESA4,0.15431683383508185,6014
PETR3,SHUL4,0.15429940047318633,5041
ROMI3,TRPL4,0.1541916197029499,5020
LREN3,SHUL4,0.15390178423613388,4558
BAZA3,CSNA3,0.15387707736306205,5896
CSNA3,CTNM4,0.15381313397437393,6049
BRAP4,EMAE4,0.1535601334631041,5597
BOBR4,GOAU3,0.15347855234384997,5176
BAZA3,CMIG3,0.15302123700769937,5895
KLBN4,SAPR4,0.1529895099061677,5778
CTNM4,SBSP3,0.15286296036409722,6052
BRKM3,ITSA3,0.15284462946979196,4751
EMAE4,GOAU4,0.1527697641479815,6172
BRAP3,SHUL4,0.15261363242921,4845
BEES3,CYRE3,0.15251931290106482,4878
COCE5,USIM3,0.15218266535977626,5946
SAPR4,VALE3,0.15214261364100717,5778
BOBR4,SAPR4,0.15211524621192304,5145
ITSA4,KEPL3,0.1520980737324497,5202
ITSA3,ROMI3,0.15208408605974627,4929
CTNM4,POMO4,0.15193230175302092,5898
CTNM4,CYRE3,0.15187037056075187,4383
ITSA4,SHUL4,0.15186236202875178,5041
FESA4,SAPR4,0.1517216324958059,5748
BAZA3,SAPR4,0.1512492759276479,5082
KEPL3,RENT3,0.1510749121008109,4838
BEES3,RENT3,0.15068568099370416,4898
CPLE3,SHUL4,0.1506813950146967,4967
ETER3,TRPL4,0.1505869398157181,6203
CSNA3,SCAR3,0.15025517842996347,5449
EMAE4,USIM5,0.15013718708420234,5969
CGAS5,COCE5,0.15001924054863708,5948
BEES3,BRAP3,0.14985861549430957,4993
GOAU4,SCAR3,0.14969167726488167,5449
CPFE3,KEPL3,0.14952181035862583,4964
SBSP3,SCAR3,0.14890075248314627,5449
BAZA3,UNIP6,0.14884493537701626,5895
BOBR4,CSNA3,0.14877153406103538,6164
ELET6,SCAR3,0.14871394257272322,5415
BBDC4,SCAR3,0.14857253114818,5449
CPLE6,KEPL3,0.14843457255601622,5168
EMAE4,UNIP6,0.14837481375184078,6167
FESA4,KEPL3,0.14822682425692138,5190
CPLE3,CTNM4,0.14802885766773172,5964
ELET3,SHUL4,0.14802414733259722,5007
CMIG4,SCAR3,0.14795176649677846,5449
CMIG3,SHUL4,0.14787144930302973,5041
CPLE6,SCAR3,0.1477312451072491,5415
COCE5,UNIP6,0.14752486348652838,6718
PETR4,SHUL4,0.14735760009060864,5041
BAZA3,GGBR3,0.14732214962541024,5017
BAZA3,LREN3,0.1472586940484278,4580
BBDC3,SCAR3,0.14702945531536588,5449
ELET6,SHUL4,0.1468682359802271,5007
SCAR3,VALE3,0.14660715559136167,5446
CTNM4,RAPT4,0.14636383462266123,5944
BRAP4,KEPL3,0.14620148211845904,5202
BBAS3,KEPL3,0.1461466455997855,5202
CSNA3,KEPL3,0.14566323216927213,5202
GGBR4,KEPL3,0.14552983316659054,5201
GOAU3,KEPL3,0.14530903265338505,5001
EMAE4,GGBR4,0.14499257053695522,5480
ELET3,SCAR3,0.14453955770686908,5415
BAZA3,POMO4,0.14402670339914814,5773
GGBR3,KEPL3,0.14401064847275533,5130
CTNM4,RENT3,0.14383429822864552,4425
POMO4,SHUL4,0.14342635781841198,5005
EMBR3,RAPT4,0.1433807197080251,6579
KEPL3,PETR4,0.14336940631051373,5202
CPLE3,KEPL3,0.14314781721542535,5111
CPFE3,SCAR3,0.1430382017954769,4906
GOAU4,KEPL3,0.14293368331926062,5202
BRAP4,CTNM4,0.14289836277312049,5587
SHUL4,USIM3,0.1426450990844896,4867
PSSA3,SCAR3,0.14263162559252657,4891
KLBN4,ROMI3,0.1425985786632054,5220
BBAS3,SHUL4,0.14250493120159322,5040
ALPA4,BAZA3,0.14233478019468304,5461
BAZA3,USIM3,0.14223902198083127,5260
CCRO3,KEPL3,0.14220552580157536,5026
COCE5,ITSA3,0.14208173076450872,5641
BRAP4,SHUL4,0.14207680895252997,4897
KEPL3,PETR3,0.14193141837638615,5202
COCE5,SAPR4,0.1416559620490367,5761
BRAP3,CTNM4,0.14160895790606048,5511
KEPL3,POMO4,0.1412380732098185,5202
CSNA3,SHUL4,0.14102037739708495,5041
SHUL4,USIM5,0.14099343651781723,5022
BAZA3,PSSA3,0.14068959229318184,4669
COCE5,EMAE4,0.14048751264817222,6019
PETR4,SCAR3,0.14040034045784353,5449
RAPT4,SCAR3,0.14029890979924708,5409
PETR3,SCAR3,0.1402674323441061,5449
BOBR4,GGBR3,0.14009074688424183,5045
EMBR3,FESA4,0.1399619277264644,6349
CTNM4,VALE3,0.1393787573086391,6027
SCAR3,USIM5,0.1393617555966668,5449
BBDC4,KEPL3,0.1390635929220282,5202
KEPL3,SBSP3,0.1385145561965106,5202
BOBR4,BRKM5,0.1384434094755964,5146
BOBR4,BRAP3,0.13838795033027187,5520
BBDC3,BEES3,0.13827491540018436,5147
BRAP3,SCAR3,0.1382331037543903,5267
ALPA4,SCAR3,0.13774180666807342,5233
BOBR4,CCRO3,0.13741088836397308,5028
KEPL3,USIM5,0.1370400933754143,5202
CYRE3,MGEL4,0.13689927707063046,4521
COCE5,FESA4,0.13664603352196159,6340
SHUL4,UNIP6,0.13656285015608685,5040
ITSA4,MGEL4,0.13642205647394787,5768
BAZA3,BRKM5,0.13633998922072046,5090
CTNM4,GGBR3,0.13633873518404033,5000
CMIG3,SCAR3,0.13597507078707,5449
EMAE4,RAPT4,0.13570127582149163,6056
BEES3,CPLE6,0.1356355378032529,5114
BRKM5,KEPL3,0.1355840971661977,5198
CPLE3,SCAR3,0.1355394590135572,5361
BAZA3,TRPL4,0.13549006110486742,5416
ALPA4,COCE5,0.13524429028638493,6202
GGBR3,MGEL4,0.13502092535292043,4986
GRND3,KEPL3,0.1346345283310648,4945
BOBR4,GUAR3,0.13462586233021495,5225
BBDC3,KEPL3,0.13455848939529605,5202
GUAR3,SCAR3,0.13432746899132497,5113
BOBR4,CPFE3,0.1342033856786916,4627
SHUL4,VALE3,0.13419330369876722,5036
BRAP3,EMAE4,0.13382122035237418,5520
BRAP4,MGEL4,0.1330149394938645,5332
BAZA3,CCRO3,0.13291242250112956,4968
BOBR4,VALE3,0.13288075015922327,6142
BOBR4,ITSA3,0.1328071761515657,5040
GRND3,SCAR3,0.13261355159366442,4897
CYRE3,EMAE4,0.13200311500612655,4391
GUAR3,KEPL3,0.13191066494228568,5063
BEES3,PSSA3,0.1319084720576074,4941
CCRO3,CTNM4,0.13183360842667327,5153
BRKM3,CGAS5,0.1317038308103438,4972
BOBR4,CGAS5,0.1315293709883995,5378
BAZA3,FESA4,0.13112785434342525,5593
BEES3,USIM5,0.13103567803954286,5097
CPFE3,EMAE4,0.1307809816153529,4591
CPFE3,CTNM4,0.1303433371059352,4583
BOBR4,BRAP4,0.12983199602495127,5590
BEES3,KLBN4,0.1296313723404409,5045
CTNM4,UNIP6,0.12956397763062366,6048
BRKM3,PSSA3,0.12939354017494645,4894
BBDC4,MGEL4,0.1293828915191554,5769
GOAU3,MGEL4,0.1288516063914784,5139
BBDC3,MGEL4,0.12884678271697603,5769
KEPL3,VALE3,0.12860022699982068,5202
BBAS3,MGEL4,0.12845317631874292,5767
CTNM4,ROMI3,0.12845099275685212,4621
KEPL3,USIM3,0.1283833636948945,5149
CCRO3,SCAR3,0.1280322352543277,4952
BEES3,GOAU3,0.12763082995910296,4999
BEES3,VALE3,0.12762346646507192,5144
CMIG4,KEPL3,0.127602722242792,5202
BEES3,GOAU4,0.12748276230319633,5148
BEES3,CPLE3,0.1270957631737071,5054
CYRE3,TELB4,0.12703383817307035,5032
BEES3,USIM3,0.12697377834190804,5043
BAZA3,GRND3,0.1268532515696681,4681
MGEL4,USIM5,0.12670505317129307,5623
ELET6,KEPL3,0.12659158859233258,5168
BEES3,BRKM5,0.1262228081173507,5037
EMAE4,RENT3,0.12582805902065955,4433
CTNM4,EMBR3,0.12567032899708777,5943
KEPL3,KLBN4,0.12561029480344518,5198
BBAS3,BEES3,0.12537600015188563,5148
ELET3,KEPL3,0.12524441207785383,5168
BRKM5,CTNM4,0.1251738465384522,5102
BEES3,ELET6,0.12428358620576166,5114
KEPL3,UNIP6,0.12386252579587087,5202
BEES3,PETR4,0.12367362609242531,5148
BOBR4,UNIP6,0.12355005838774222,6161
POMO4,SCAR3,0.12345662309201597,5397
BRKM5,EMAE4,0.12303286294934754,5104
BEES3,PETR3,0.12283330002888473,5148
EMAE4,POMO4,0.1227798642966465,5990
BRAP3,KEPL3,0.12226190074135918,5137
SHUL4,TRPL4,0.12219027809765454,4723
EMAE4,VALE3,0.1219556107643334,6147
BAZA3,GUAR3,0.12177568911051417,5163
ALPA4,KEPL3,0.12126501080632057,5128
ETER3,SHUL4,0.12104512376342638,5005
BEES3,ELET3,0.12089173423693877,5114
CGAS5,ROMI3,0.12083094109842109,5161
GOAU4,MGEL4,0.12058888937128177,5768
BEES3,CMIG4,0.12023725649141143,5147
KEPL3,PSSA3,0.12008280706796959,4931
KEPL3,ROMI3,0.1195622072943338,4869
EMAE4,GUAR3,0.1194370844820474,5188
BEES3,SBSP3,0.11931727568688713,5148
GGBR4,MGEL4,0.11929217445746891,5246
BEES3,RAPT4,0.1191141706258574,5141
CMIG3,KEPL3,0.11902618035575804,5202
CTNM4,ETER3,0.11844960037875907,5909
PSSA3,SHUL4,0.11842314434196942,4619
CTNM4,LREN3,0.11792458439505996,4409
BEES3,CCRO3,0.11784789780145566,4869
BOBR4,KLBN4,0.11766454616612121,5312
BEES3,CMIG3,0.11704279154368648,5146
BEES3,FESA4,0.11685352674358068,5092
EMAE4,LREN3,0.11683593436411123,4419
BOBR4,LREN3,0.11682844501198311,4456
CGAS5,EMAE4,0.11658501951985913,5322
MGEL4,SBSP3,0.11657417421672825,5769
BOBR4,USIM3,0.11609415228809329,5324
BRKM3,COCE5,0.11593947342315276,5044
SAPR4,SCAR3,0.11565230743136533,5067
ALPA4,BOBR4,0.11553364808860045,5603
CSNA3,MGEL4,0.1151544198893154,5766
BAZA3,COCE5,0.11492114168877038,5782
MGEL4,PETR4,0.1147938862095654,5768
BAZA3,BRKM3,0.11466624609095902,4531
CTNM4,TRPL4,0.11463035681259652,5819
BOBR4,TRPL4,0.11460282858372584,5569
ITSA3,SHUL4,0.11450342400443854,4660
CCRO3,EMAE4,0.11438317926093215,4982
MGEL4,PETR3,0.11425852980951429,5768
BRAP3,MGEL4,0.11415888700616043,5256
EMAE4,EMBR3,0.11381415428632433,5991
CTNM4,PSSA3,0.11379733731838323,4548
ALPA4,EMAE4,0.11350522954621226,5585
CGAS5,ITSA3,0.11335885398543225,5267
CTNM4,ITSA3,0.1133245076467879,4961
MGEL4,RENT3,0.113038655091884,4563
GRND3,MGEL4,0.11289781173328628,4700
BRKM5,SCAR3,0.1127794794930974,5111
KEPL3,TRPL4,0.11275359617772532,4924
BAZA3,ETER3,0.11232111763490513,5776
BAZA3,RAPT4,0.11188130535024877,5816
KLBN4,MGEL4,0.11187218358714965,5116
EMAE4,GGBR3,0.11123111550240938,5002
BEES3,CSNA3,0.11094748538088078,5148
ITSA3,KEPL3,0.11088193726242317,4859
EMAE4,USIM3,0.11083117322485388,5322
CGAS5,CTNM4,0.11068630981443145,5364
MGEL4,RAPT4,0.11048483781101678,5719
CMIG4,MGEL4,0.11030387584756594,5768
CMIG3,MGEL4,0.10960528266040913,5764
BOBR4,ETER3,0.10944340240446472,5999
SCAR3,USIM3,0.108748383479344,5207
BAZA3,KLBN4,0.1084742332507359,5230
ELET6,MGEL4,0.10828936801678418,5741
ITSA3,SCAR3,0.10822572027068268,4956
BEES3,GRND3,0.10807904874338388,4947
CGAS5,SHUL4,0.10774770504198611,4746
BAZA3,ITSA3,0.10773138448477261,5034
MGEL4,USIM3,0.10760660761263606,5237
EMBR3,SCAR3,0.10749313530012773,5410
BEES3,TRPL4,0.10727875393520132,4811
ALPA4,CTNM4,0.10711294822851483,5521
BAZA3,CGAS5,0.1069382267552575,5270
BEES3,POMO4,0.10672373685210879,5134
EMBR3,ETER3,0.10645123896492155,6576
CTNM4,FESA4,0.10547411715229345,5699
EMAE4,ETER3,0.10537832171208378,6001
KLBN4,SCAR3,0.1052869164077137,5161
ELET3,MGEL4,0.10512243800047746,5741
MGEL4,VALE3,0.10503880734387938,5746
EMAE4,PSSA3,0.10477346754615341,4556
CTNM4,KLBN4,0.10459687348901527,5268
BOBR4,FESA4,0.10425789015102645,5743
KEPL3,SAPR4,0.1038861961405176,5134
CPLE6,MGEL4,0.10387820888933005,5741
BOBR4,GRND3,0.10379800505247466,4606
BOBR4,CTNM4,0.10327903651123527,5473
BOBR4,COCE5,0.10283507994981371,6015
BRKM3,CTNM4,0.10276970569758663,4394
EMAE4,FESA4,0.10265690209766576,5729
BEES3,CGAS5,0.10244856001630945,4971
COCE5,ETER3,0.1023635233362214,6570
COCE5,CTNM4,0.1022727178897724,5916
BEES3,ROMI3,0.10203737102093915,4817
EMAE4,ITSA3,0.1019406337449944,5017
ALPA4,BEES3,0.10180434656553505,5046
BOBR4,EMBR3,0.10158775398150122,5977
COCE5,SHUL4,0.10133807306039863,5008
MGEL4,PSSA3,0.10118227215960299,4686
KEPL3,SHUL4,0.10114650304685055,4541
LREN3,TELB3,0.1011362374746225,3598
FESA4,SCAR3,0.10103888525244888,5366
CCRO3,MGEL4,0.10088757539831147,4934
CTNM4,USIM3,0.1007798558253912,5286
BOBR4,PSSA3,0.10071398886324487,4592
KLBN4,SHUL4,0.09980839586527143,4796
BRKM3,KEPL3,0.09969974647382979,4768
BEES3,ETER3,0.0986998643437432,5123
BRKM3,SCAR3,0.09850249850919623,4668
BEES3,SAPR4,0.0981967245436088,4981
BAZA3,BOBR4,0.09815564343912589,5246
BOBR4,ROMI3,0.09803869977092781,4669
EMAE4,SHUL4,0.09769828139060917,4379
CTNM4,SAPR4,0.09764384849905983,5097
BEES3,SCAR3,0.09737316466941567,4800
ROMI3,SCAR3,0.09670764408691084,4853
CGAS5,MGEL4,0.09670005871559849,5136
LREN3,MGEL4,0.09631939814092112,4542
BBDC4,TELB4,0.09571093849047863,6852
MGEL4,UNIP6,0.0955079125023561,5764
ETER3,KEPL3,0.09490083117951056,5197
EMAE4,KLBN4,0.09488888137258539,5256
BOBR4,BRKM3,0.09474518721582621,4460
SCAR3,TRPL4,0.09470613308135009,5171
SCAR3,UNIP6,0.0944524278194396,5448
BAZA3,KEPL3,0.09435394769308511,4680
BRKM5,MGEL4,0.09415855522875079,5060
CPLE3,MGEL4,0.09372096611542048,5680
BRKM3,EMAE4,0.09367195458579576,4411
BEES3,EMBR3,0.09353856767230205,5081
EMAE4,GRND3,0.09294892465042309,4570
BEES3,BRKM3,0.09294132516916295,4699
BAZA3,SCAR3,0.09281683512735901,4844
EMAE4,GOAU3,0.09207062538522993,5169
LREN3,TELB4,0.09157387012103274,5060
SCAR3,SHUL4,0.09116741636963686,4628
MGEL4,POMO4,0.09101799835308871,5642
GUAR3,MGEL4,0.09091976261921991,5138
ALPA4,MGEL4,0.0908769021724231,5409
ITSA4,TELB3,0.0904548352710651,5385
FESA4,MGEL4,0.09006995576140243,5487
EMAE4,SAPR4,0.08940722030486782,5088
EMAE4,ROMI3,0.08892647956706734,4632
BEES3,GUAR3,0.0886335282861865,5016
MGEL4,ROMI3,0.08862689543236725,4646
RENT3,TELB4,0.08775258148062447,5074
BOBR4,SHUL4,0.0876880009264537,4440
CTNM4,SHUL4,0.08703236452893089,4361
BAZA3,CTNM4,0.08684004256786201,5144
BAZA3,MGEL4,0.08681994382038331,4989
CPFE3,MGEL4,0.08540833433488562,4721
BBDC4,TELB3,0.08505846193640339,5386
CYRE3,TELB3,0.08439415792705092,3570
EMBR3,KEPL3,0.08413849627701472,5163
BOBR4,EMAE4,0.08366383548992298,5699
BEES3,UNIP6,0.08324112363106033,5147
COCE5,ROMI3,0.08305122173596712,5291
MGEL4,TRPL4,0.08301203012635525,5328
CTNM4,EMAE4,0.08270434667254324,5479
CPFE3,TELB4,0.08213242525854052,5232
BAZA3,ROMI3,0.08157342061140883,4772
COCE5,EMBR3,0.08101447423719324,6552
EMBR3,ITSA3,0.08089366524585488,5593
COCE5,SCAR3,0.08071012935456881,5408
BBDC3,TELB3,0.08038594102160893,5385
TELB4,USIM3,0.08025283590090214,5972
PETR4,TELB3,0.08022013473516221,5385
MGEL4,SAPR4,0.07952777903024046,5013
EMBR3,SHUL4,0.07901630904714205,4981
BBDC3,TELB4,0.07893710285616284,6851
CMIG4,TELB3,0.07834745644645057,5385
ETER3,SCAR3,0.07776336614674655,5415
CPLE6,TELB3,0.07757094285515799,5355
BBAS3,TELB4,0.07700733666089422,6846
ELET3,TELB3,0.07565053383319856,5355
TELB4,USIM5,0.0755660688335065,6635
CMIG4,TELB4,0.07523303831240326,6851
TELB3,USIM3,0.07450203542616993,4507
PETR4,TELB4,0.07434337166249083,6851
BEES3,KEPL3,0.07424972478261647,4805
COCE5,MGEL4,0.07327271615275215,5668
GGBR4,TELB4,0.0732177452767744,6141
BAZA3,EMBR3,0.07307561136885589,5770
PSSA3,TELB3,0.07278456729054571,3735
CTNM4,MGEL4,0.07242397170318671,5112
CGAS5,KEPL3,0.07234549714785647,5125
ITSA3,MGEL4,0.07230239974190339,4904
BAZA3,SHUL4,0.07187369432993809,4532
RENT3,TELB3,0.071675771268699,3612
BOBR4,MGEL4,0.07163452218133308,5153
RAPT4,TELB4,0.07067339409043474,6733
PETR3,TELB3,0.0704017188698497,5385
TELB3,VALE3,0.0703942938935789,5357
CPFE3,TELB3,0.07035964133449721,3770
ELET6,TELB3,0.07015372498277636,5355
ELET6,TELB4,0.07003559476158197,6818
EMAE4,SCAR3,0.06983358742678653,4772
BOBR4,KEPL3,0.0698091915551362,4566
ELET3,TELB4,0.06907212533301427,6818
GOAU4,TELB4,0.06880615170782901,6851
BEES3,SHUL4,0.06856821938044995,4553
KEPL3,SCAR3,0.06800526302331494,4803
COCE5,KEPL3,0.0668831026019178,5195
GOAU3,TELB4,0.06660831326028477,5819
CMIG3,TELB4,0.06643070483254192,6846
PETR3,TELB4,0.06503102570364022,6851
EMBR3,MGEL4,0.06469283290294373,5626
MGEL4,SCAR3,0.06452516360583122,4735
CPLE3,TELB4,0.06410958662940547,6753
MGEL4,SHUL4,0.0634936820269693,4406
ITSA4,TELB4,0.06347970292115264,6851
ETER3,MGEL4,0.06310894981920069,5657
SBSP3,TELB3,0.06288649908870582,5386
TELB4,VALE3,0.06280648792338567,6823
CPLE6,TELB4,0.0622853867247725,6818
CSNA3,TELB4,0.062229498636053045,6848
BRKM3,TELB3,0.062055686902843604,3635
BAZA3,EMAE4,0.06197240750982309,5279
COCE5,TELB3,0.05931477235914726,5227
CTNM4,SCAR3,0.058988431993323334,4755
CPLE3,TELB3,0.05878184121513326,5293
BEES3,CTNM4,0.058140034273163235,4457
BRAP4,TELB4,0.057899272108593275,6258
CMIG3,TELB3,0.057797478687918284,5380
ALPA4,TELB4,0.05750713362114845,6250
EMAE4,MGEL4,0.0574953355275131,5168
TELB4,UNIP6,0.05724542283609395,6845
GOAU4,TELB3,0.056292050148149246,5385
BRAP3,TELB4,0.055658668843423076,6177
TELB3,USIM5,0.055436980853234674,5172
BOBR4,SCAR3,0.055123649458824024,4780
SAPR4,TELB3,0.054862343734182535,4285
TELB4,TRPL4,0.05482130626846638,6251
KEPL3,MGEL4,0.054410625304522446,4609
GGBR3,TELB3,0.05414605507517793,4187
FESA4,TELB4,0.0534150929834754,6397
BRKM3,MGEL4,0.053395551313703424,4519
GRND3,TELB4,0.05290326078679726,5211
SBSP3,TELB4,0.052139178828344054,6852
TELB3,TRPL4,0.051421145207768755,4808
BBAS3,TELB3,0.050795921532493064,5380
POMO4,TELB4,0.05053715790624574,6664
CGAS5,SCAR3,0.049695433955343066,5155
BEES3,BOBR4,0.049245054413568495,4520
BRKM5,TELB4,0.048348862087822374,5750
EMAE4,TELB3,0.04790914365509235,5091
SAPR4,TELB4,0.0471522324891767,5745
KEPL3,TELB3,0.046907100282806,3707
BEES3,EMAE4,0.04682775055120923,4486
EMAE4,TELB4,0.04658026282636596,6143
BEES3,COCE5,0.04618881204502501,5131
RAPT4,TELB3,0.04575939946497877,5269
CCRO3,TELB4,0.04567705134147361,5636
PSSA3,TELB4,0.045375318540327926,5197
TELB3,UNIP6,0.04537410812368485,5379
CTNM4,KEPL3,0.045109648811667465,4521
BRKM5,TELB3,0.044824393959403984,4288
GUAR3,TELB4,0.04441381978743966,5837
BEES3,TELB3,0.044297829579039376,3668
BRAP4,TELB3,0.043693440038903825,4795
BEES3,MGEL4,0.04327056150131693,4562
SCAR3,TELB4,0.04236089741589484,5417
CSNA3,TELB3,0.04200350548748047,5382
GGBR4,TELB3,0.04198937622913482,4678
BAZA3,TELB3,0.04143226260713304,4615
KEPL3,TELB4,0.04129013634106723,5169
GUAR3,TELB3,0.04083253291202587,4375
KLBN4,TELB4,0.04081391133624227,5916
EMAE4,KEPL3,0.04079652522520787,4527
KLBN4,TELB3,0.04074282810721273,4454
GGBR3,TELB4,0.04041625283101948,5649
ALPA4,TELB3,0.03972483548918172,4786
CTNM4,TELB4,0.0387998768380603,6031
BRKM3,TELB4,0.03844901527145372,5016
POMO4,TELB3,0.03799841898765543,5199
SHUL4,TELB4,0.03697752910924363,5009
ETER3,TELB4,0.03628504174201218,6671
ROMI3,TELB3,0.03600437898758591,3820
EMBR3,TELB3,0.03356378423324818,5196
EMBR3,TELB4,0.03327848961119104,6658
GRND3,TELB3,0.032209361072510184,3749
BAZA3,TELB4,0.030664923094968793,5866
COCE5,TELB4,0.03026808001204377,6691
FESA4,TELB3,0.0301690883524758,4934
ITSA3,TELB4,0.02884851969715829,5678
ROMI3,TELB4,0.028462266127872726,5279
GOAU3,TELB3,0.02723785811644065,4362
BRAP3,TELB3,0.02609108446690387,4725
CCRO3,TELB3,0.025296100876428206,4190
CGAS5,TELB4,0.023895545230789215,5983
BOBR4,TELB4,0.022855965651774356,6137
ETER3,TELB3,0.022789507845310714,5206
BEES3,TELB4,0.022158776014265625,5116
ITSA3,TELB3,0.02009739925859659,4226
CGAS5,TELB3,0.019208959438107697,4527
CTNM4,TELB3,0.01916712687715076,4798
SHUL4,TELB3,0.013507718129031163,3580
BOBR4,TELB3,0.01200720562750863,4992
MGEL4,TELB4,-0.010064506995389067,5744
SCAR3,TELB3,-0.011608976044709955,3959
MGEL4,TELB3,-0.02364883448937689,4481
