symbol,n_obs,mean,std,min,max,skew,abs_mean
BBDC4,6886,0.0004480137980582622,0.023223143963644336,-0.216807732865124,0.1998888185062062,-0.02987611684212657,0.016534621539425066
SBSP3,6886,0.0005103233614335209,0.026255044108196172,-0.4277784070721557,0.1918910078101054,-0.8438509753206996,0.018373994937469735
CMIG4,6885,0.00046392658483150227,0.02659231051936737,-0.2779993717353635,0.2639436277860472,-0.14674685021211198,0.0188459608952839
PETR4,6885,0.0005590191287645097,0.027376448892787886,-0.3523666109656791,0.20067069546215133,-0.5805882461215673,0.01886144421944603
GOAU4,6885,0.0005114013110992843,0.028002083766209218,-0.23918441868849782,0.1876266090236477,-0.14758031973283314,0.019999043141112116
ITSA4,6885,0.0006330684053988733,0.021607945799461147,-0.1445812288111079,0.22431933040322183,0.28878253789114067,0.015479663778997847
PETR3,6885,0.0005804909412392208,0.02802170326379712,-0.3520543563684553,0.20502371785224605,-0.4801890175374255,0.019410872514156168
BBDC3,6885,0.0005031546602485801,0.022267512938314412,-0.17450409168880476,0.15464099609106507,0.08618098058730378,0.015820286836260033
CSNA3,6882,0.000526332739054808,0.03231276838283884,-0.2915900888489862,0.19627560612792938,0.03741706315351301,0.0233574208815278
BBAS3,6880,0.0005858364018053723,0.026772982619550148,-0.2378914079487653,0.18825629231376917,-0.12577718684407246,0.01908116432597918
CMIG3,6880,0.0005501458183820174,0.027104037503049797,-0.279821888332648,0.19377147300187936,-0.3040293342199858,0.018966136111729516
UNIP6,6879,0.0009097343360571326,0.025806175438758554,-0.24323030988094718,0.1823215567939548,0.2086728832090936,0.01739353590586865
VALE3,6857,0.0007475065377934435,0.02559645649732599,-0.28135012834429896,0.2984929885559966,0.06964304531760726,0.017972509406340396
TELB4,6852,-0.00020346432308741987,0.12799198711263085,-0.8754687373539003,1.3862943611198906,0.6968010975927494,0.05379204410676976
CPLE6,6852,0.00045613645224716663,0.026139234114555137,-0.18225796581113457,0.3432519236065916,0.3552929541270242,0.0184115916182985
ELET3,6852,0.00026679996841342315,0.03138499890249637,-0.2353397902411971,0.4007592170707519,0.5032757600004055,0.02213305905152635
ELET6,6852,0.0003579977830358344,0.02961449446590091,-0.2241634392149554,0.3254224004346279,0.43149181450968327,0.02089844732744618
CPLE3,6787,0.000519513988757151,0.025169342790153,-0.20972053098206905,0.21278076427866321,-0.16204587213485813,0.017286527706507633
RAPT4,6767,0.000501850443811924,0.029170180898938854,-0.24063670876172716,0.33647223662121295,0.07154165145270298,0.02016123998771107
COCE5,6725,0.0004266786102601525,0.022560844567704227,-0.3886579897917833,0.3184537311185345,-0.9306150831437275,0.014064667569918666
ETER3,6704,0.00023973300130519196,0.029540240385602493,-0.4257262932479864,0.5437697794853448,0.728535154329643,0.01764607524975803
POMO4,6697,0.0006316193021955733,0.025715747921142645,-0.2887684386640019,0.1858058808765657,-0.04238823621993232,0.01814464118199557
EMBR3,6692,0.00038158301183769256,0.03852438618929227,-2.0583881324820035,0.30603121111997733,-22.54175365365435,0.019791383276786288
USIM5,6669,0.00041025126316003737,0.0328843916535201,-0.26854273224108316,0.30089230418858737,0.14161144352561916,0.02388098365651412
FESA4,6431,0.0008946679506956302,0.026328367537784697,-0.4054651081081646,0.3655050233870041,0.18682368434605895,0.01741689561808058
BRAP4,6291,0.0004852509407600429,0.0265145922190864,-0.28084833287321587,0.16764381163667652,-0.20562354270649966,0.019054554605860082
ALPA4,6282,0.0007878280041931868,0.026262858268285675,-0.23399356733827492,0.254025396747644,-0.16508091813354195,0.017331497540636415
TRPL4,6274,0.0008193873481135835,0.024327397642522685,-0.27522861138049426,0.3073180469686396,0.2841037562941085,0.016345397981800475
BRAP3,6210,0.00047953789838321335,0.026415296055770886,-0.2897546120537533,0.19860244239809188,-0.23900777996795514,0.018553389642890723
GGBR4,6174,0.0004922130460115627,0.026924342986928473,-0.1979224972364344,0.16886666445977183,-0.0774390321858341,0.019823549894669057
EMAE4,6173,0.0004324455465094444,0.036974230849440924,-0.38071693841897003,0.297632403304949,0.08000612075777347,0.023239534250677388
BOBR4,6168,-0.0002495663023947117,0.03697913362536287,-0.3172825422280716,0.5533852381847866,1.2585005437286743,0.023439234794385328
CTNM4,6052,-0.0006008608760843712,0.03622956275633185,-0.38728278902497415,1.0847424408039592,4.734094768137188,0.022136261773280024
CGAS5,6015,0.0007085897409042878,0.020956438701001612,-0.1655144384775733,0.18566354053574585,0.5929816087886598,0.013839938299128414
USIM3,6005,0.000422938700600741,0.03698304228493949,-0.5191938734365075,0.32879238791643095,-0.3577621196770432,0.02370704548749263
KLBN4,5949,0.0006076777751768412,0.022752063826549596,-0.1433104652743935,0.16729981509811687,0.20016399685093572,0.016385252627150005
BAZA3,5898,0.0006454265094892206,0.03262927711491869,-0.27443684570176075,0.46734051182625214,1.947078696271173,0.01845985831678864
GUAR3,5871,0.0006294525757331047,0.029494964928425002,-0.3216053252808795,0.17918042789309385,-0.5310430022013694,0.019451320201596515
GOAU3,5852,0.0006251901404828769,0.030245500439541353,-0.5676506487047015,0.22923847658170615,-1.1981217127385317,0.019975179992534616
BRKM5,5783,0.0002068344283246301,0.02982620068561195,-0.2806808769927973,0.2757692909355387,0.2883299671456572,0.020829270639093525
SAPR4,5778,0.0005514463464263327,0.021588538419595838,-0.19494704941958219,0.14618251017808126,-0.126422787405765,0.014700386230372196
MGEL4,5769,0.00020026783834723618,0.04946683974612576,-0.7252354951114459,0.7067528326157242,0.5283142513563391,0.02960936893939259
ITSA3,5710,0.0007519080353246316,0.02257651724497571,-0.18215504276476302,0.18074799234652417,0.20659954769932762,0.014748979079735734
GGBR3,5682,0.0005765061097214935,0.026704925151228097,-0.27938326963708604,0.169158570267674,-0.2456825789518764,0.01888192390264431
CCRO3,5665,0.0005721672159435841,0.02453412903670293,-0.3101549283038396,0.20013444080495235,-0.3650442460647458,0.017153303108502705
SCAR3,5449,0.0005747036136601064,0.03744693201764913,-0.4885800148186708,0.5596157879354228,-0.12298680558375506,0.02083294932940585
TELB3,5386,-9.805135418481367e-05,0.13019457506280055,-0.6931471805599453,1.1574527886910433,0.5705174934905397,0.05955845973366402
ROMI3,5312,0.0006579481799528101,0.03392459375438252,-0.8260533777905494,0.2231435513142097,-2.615436540755902,0.02151489062606612
CPFE3,5264,0.0005929897518609264,0.017943843536573557,-0.18596743544611538,0.1160436022729503,-0.3731838752517288,0.012692352669731165
GRND3,5243,0.0002577881646244159,0.02004478478960983,-0.11836460008103278,0.13720112151348496,-0.07054916262114533,0.014457848855697333
PSSA3,5229,0.0006277731944987259,0.018820761754195718,-0.12566152322846325,0.09869937529104411,0.01814627913992528,0.01368119242942505
KEPL3,5202,0.00022562364382804593,0.03759633338352327,-0.5857886622394459,0.5610292157325696,-0.6260131658465923,0.020890019690465222
BEES3,5148,0.00030130727299886164,0.04461267992559067,-1.0033021088637846,0.6007738604289301,-2.5806807720219767,0.018981059528606768
RENT3,5106,0.0008318828029604584,0.026608386181868428,-0.20598393103138335,0.24095499604381157,0.01225509914831659,0.018711283609431598
LREN3,5092,0.0007510003465228014,0.032782646153575075,-0.5679840376059393,1.0658224658451187,6.08879884458259,0.019988809983672407
CYRE3,5064,0.0005160501035962922,0.03045026823570295,-0.28302899166008366,0.2892936763461227,-0.2135005346862211,0.021517618092091854
BRKM3,5048,0.0003277107548335181,0.02997036258455469,-0.25905025977745355,0.3782954433101029,0.7574309842564911,0.02002216263215551
SHUL4,5041,0.0010544207151771334,0.0328353446739664,-0.356674943938732,0.35667494393873245,0.011030935653151903,0.019289415030867306
