model,feature_set,symbol,horizon,split,MAE,RMSE,QLIKE,R2_oos
Ridge,Set A (Classical),BBDC4,5,train,0.013363315821785618,0.018846962568561533,-5.209997486646792,0.3728991454003826
Ridge,Set A (Classical),BBDC4,5,validation,0.01513039623485051,0.0253601991033999,-4.9848847538268455,0.38373006992512404
Ridge,Set A (Classical),BBDC4,5,test,0.01486321402968483,0.023205878110123264,-5.1960615725000645,0.022899942689474928
Ridge,Set A (Classical),PETR4,5,train,0.016705398885879796,0.022981318665982263,-4.792170925632244,0.4775577649387869
Ridge,Set A (Classical),PETR4,5,validation,0.021921759169312004,0.04297716995559913,-4.322265881738478,0.2564136589348258
Ridge,Set A (Classical),PETR4,5,test,0.015623831946686921,0.02392613638954543,-5.079929629961827,0.28094511334090133
Ridge,Set A (Classical),VALE3,5,train,0.01607683983012741,0.022623167018064844,-4.7965996343058945,0.45791532373184307
Ridge,Set A (Classical),VALE3,5,validation,0.01871916167536963,0.03550192536100765,-4.404345241074156,0.14147980649203684
Ridge,Set A (Classical),VALE3,5,test,0.013199795338015508,0.01684896976799141,-5.428543686923397,0.5381424186629824
Random Forest,Set A (Classical),BBDC4,5,train,0.012330366376855683,0.017022486767884565,-5.258201393133845,0.4884351841906487
Random Forest,Set A (Classical),BBDC4,5,validation,0.015757718664240295,0.02701168147468378,-4.913195551518875,0.3008523545219981
Random Forest,Set A (Classical),BBDC4,5,test,0.01572885969633656,0.02337590688124844,-5.28566185722921,0.008529122094687702
Random Forest,Set A (Classical),PETR4,5,train,0.014936439613118462,0.020310245470698023,-4.861463821901762,0.591944971818225
Random Forest,Set A (Classical),PETR4,5,validation,0.022151287240166465,0.04510084946305828,-4.19327724412093,0.18111065649003721
Random Forest,Set A (Classical),PETR4,5,test,0.01768289441394636,0.026087951610841067,-5.079797746829579,0.14513634261598996
Random Forest,Set A (Classical),VALE3,5,train,0.014287844588192532,0.019469571196598808,-4.858629407949676,0.5985115089316521
Random Forest,Set A (Classical),VALE3,5,validation,0.02006071561598663,0.03738104571074849,-4.544266816898305,0.04819146639649352
Random Forest,Set A (Classical),VALE3,5,test,0.015074273640699493,0.018718125859812675,-5.38547745177269,0.42998524050206
HistGradientBoosting,Set A (Classical),BBDC4,5,train,0.011197779998417897,0.015213486407565263,-5.3063014329116225,0.5913870200992906
HistGradientBoosting,Set A (Classical),BBDC4,5,validation,0.016409909187111524,0.02794943565617407,-4.925974015309715,0.2514656303071525
HistGradientBoosting,Set A (Classical),BBDC4,5,test,0.0157343064588978,0.023429481641959106,-5.2749075495122275,0.0039792507147241585
HistGradientBoosting,Set A (Classical),PETR4,5,train,0.01313077703017685,0.017797305803814088,-4.913145505224111,0.6866736535199008
HistGradientBoosting,Set A (Classical),PETR4,5,validation,0.0241022351967879,0.04638998883181644,-4.14662551797057,0.13362819176409213
HistGradientBoosting,Set A (Classical),PETR4,5,test,0.018636532550552056,0.02697628311380691,-5.045265844325142,0.0859265059476716
HistGradientBoosting,Set A (Classical),VALE3,5,train,0.012808746107035805,0.017143443071244716,-4.899924651188954,0.6887162666785231
HistGradientBoosting,Set A (Classical),VALE3,5,validation,0.020745433686493876,0.03806443647407687,-4.488880681291546,0.013071908130246168
HistGradientBoosting,Set A (Classical),VALE3,5,test,0.015543348821057122,0.019478599259412546,-5.368983036330171,0.38272765467814784
MLP,Set A (Classical),BBDC4,5,train,0.012783949633727696,0.0184021560878698,-5.163869506398077,0.40215021587600097
MLP,Set A (Classical),BBDC4,5,validation,0.014323082872911825,0.024699884536457176,-4.925202480535477,0.4154044489158746
MLP,Set A (Classical),BBDC4,5,test,0.013452647403398304,0.022581876143544115,-5.170897782154952,0.07474153434263708
MLP,Set A (Classical),PETR4,5,train,0.016073525933378977,0.022665063291539205,-4.764735648619161,0.4918379114655478
MLP,Set A (Classical),PETR4,5,validation,0.02153953419937606,0.04482888933670546,-4.065634436824385,0.19095675875633888
MLP,Set A (Classical),PETR4,5,test,0.015422024046784362,0.023839431362732318,-5.052939639308726,0.2861471824207681
MLP,Set A (Classical),VALE3,5,train,0.015638978211912225,0.022124745431362083,-4.779932348413609,0.4815380463465787
MLP,Set A (Classical),VALE3,5,validation,0.018264234440285555,0.03533313163638887,-4.41143439255503,0.14962405929043743
MLP,Set A (Classical),VALE3,5,test,0.012623201839941771,0.016578333077046505,-5.404519470989873,0.55286043855529
Ridge,Set B (+Market/RMT),BBDC4,5,train,0.013363315821785618,0.018846962568561533,-5.209997486646792,0.3728991454003826
Ridge,Set B (+Market/RMT),BBDC4,5,validation,0.01513039623485051,0.025360199103399903,-4.9848847538268455,0.38373006992512393
Ridge,Set B (+Market/RMT),BBDC4,5,test,0.01486321402968483,0.023205878110123264,-5.1960615725000645,0.022899942689474928
Ridge,Set B (+Market/RMT),PETR4,5,train,0.016705398885879796,0.022981318665982263,-4.792170925632244,0.4775577649387869
Ridge,Set B (+Market/RMT),PETR4,5,validation,0.021921759169312,0.042977169955599144,-4.322265881738477,0.2564136589348255
Ridge,Set B (+Market/RMT),PETR4,5,test,0.015623831946686921,0.02392613638954543,-5.079929629961827,0.28094511334090133
Ridge,Set B (+Market/RMT),VALE3,5,train,0.01607683983012741,0.022623167018064844,-4.7965996343058945,0.45791532373184307
Ridge,Set B (+Market/RMT),VALE3,5,validation,0.01871916167536963,0.03550192536100766,-4.404345241074157,0.14147980649203662
Ridge,Set B (+Market/RMT),VALE3,5,test,0.013199795338015508,0.01684896976799141,-5.428543686923397,0.5381424186629824
Random Forest,Set B (+Market/RMT),BBDC4,5,train,0.012330346966504759,0.017022102064775637,-5.25820079975378,0.48845830635298915
Random Forest,Set B (+Market/RMT),BBDC4,5,validation,0.015760876510384034,0.027021485761397804,-4.913143286390851,0.300344730590848
Random Forest,Set B (+Market/RMT),BBDC4,5,test,0.01573258682701019,0.023381011125326222,-5.285528488939005,0.008096089750922575
Random Forest,Set B (+Market/RMT),PETR4,5,train,0.014936095083135795,0.02030918800426773,-4.861468669100808,0.5919874620245943
Random Forest,Set B (+Market/RMT),PETR4,5,validation,0.02214890019579916,0.04509560982475897,-4.193377175811519,0.18130091608740073
Random Forest,Set B (+Market/RMT),PETR4,5,test,0.017678914878530617,0.02608317026027342,-5.079874724537811,0.14544966949797133
Random Forest,Set B (+Market/RMT),VALE3,5,train,0.014287973513122821,0.019469038112832775,-4.8586440041223815,0.598533494425283
Random Forest,Set B (+Market/RMT),VALE3,5,validation,0.020065758068816768,0.03738703011950763,-4.544199867710093,0.04788668801695295
Random Forest,Set B (+Market/RMT),VALE3,5,test,0.015075957576319883,0.018719988079426934,-5.385435488817715,0.4298718161692896
HistGradientBoosting,Set B (+Market/RMT),BBDC4,5,train,0.011197779998417897,0.015213486407565263,-5.3063014329116225,0.5913870200992906
HistGradientBoosting,Set B (+Market/RMT),BBDC4,5,validation,0.016409909187111524,0.02794943565617407,-4.925974015309715,0.2514656303071525
HistGradientBoosting,Set B (+Market/RMT),BBDC4,5,test,0.0157343064588978,0.023429481641959106,-5.2749075495122275,0.0039792507147241585
HistGradientBoosting,Set B (+Market/RMT),PETR4,5,train,0.01313077703017685,0.017797305803814088,-4.913145505224111,0.6866736535199008
HistGradientBoosting,Set B (+Market/RMT),PETR4,5,validation,0.0241022351967879,0.04638998883181644,-4.14662551797057,0.13362819176409213
HistGradientBoosting,Set B (+Market/RMT),PETR4,5,test,0.018636532550552056,0.02697628311380691,-5.045265844325142,0.0859265059476716
HistGradientBoosting,Set B (+Market/RMT),VALE3,5,train,0.012808746107035805,0.017143443071244716,-4.899924651188954,0.6887162666785231
HistGradientBoosting,Set B (+Market/RMT),VALE3,5,validation,0.020745433686493876,0.03806443647407687,-4.488880681291546,0.013071908130246168
HistGradientBoosting,Set B (+Market/RMT),VALE3,5,test,0.015543348821057122,0.019478599259412546,-5.368983036330171,0.38272765467814784
MLP,Set B (+Market/RMT),BBDC4,5,train,0.012860989103173494,0.018415996652584636,-5.177128531032702,0.40125057234392414
MLP,Set B (+Market/RMT),BBDC4,5,validation,0.014925564477762715,0.02599206835358272,-4.9229002119696625,0.3526377945556367
MLP,Set B (+Market/RMT),BBDC4,5,test,0.013859163069512601,0.022691839982420567,-4.94302099191683,0.06570838768121268
MLP,Set B (+Market/RMT),PETR4,5,train,0.016076799758759197,0.02255342032831533,-4.770144018104578,0.49683176428408904
MLP,Set B (+Market/RMT),PETR4,5,validation,0.02203890764663851,0.04809656844284621,-3.4931680180334985,0.06871210172967546
MLP,Set B (+Market/RMT),PETR4,5,test,0.015464702299691628,0.023855419702068285,-5.063237136837116,0.2851893451147325
MLP,Set B (+Market/RMT),VALE3,5,train,0.015574576713158962,0.022003204641352025,-4.790130815479625,0.48721867153666665
MLP,Set B (+Market/RMT),VALE3,5,validation,0.018815674036755766,0.03612672798691824,-4.290923246915808,0.11099549897655325
MLP,Set B (+Market/RMT),VALE3,5,test,0.012662084343651566,0.01652929816152289,-5.415864948186213,0.5555015997972745
Ridge,Set C (+Network),BBDC4,5,train,0.0132304397968404,0.01882021359792557,-5.20110020024851,0.37467793586953413
Ridge,Set C (+Network),BBDC4,5,validation,0.014923196421966847,0.025325597886771658,-4.9753201054623215,0.3854105884687463
Ridge,Set C (+Network),BBDC4,5,test,0.014759268794884107,0.023237128342562724,-5.168476603486239,0.02026654407392814
Ridge,Set C (+Network),PETR4,5,train,0.016742351435206342,0.022968605397052234,-4.7970547381438715,0.4781356353010371
Ridge,Set C (+Network),PETR4,5,validation,0.021917382148609263,0.04287632449284355,-4.334049919866611,0.25989919929441463
Ridge,Set C (+Network),PETR4,5,test,0.015718025898101364,0.023923545936363533,-5.090527253576319,0.28110080727776277
Ridge,Set C (+Network),VALE3,5,train,0.016126781015473636,0.022625013752053422,-4.802034834810206,0.4578268191422785
Ridge,Set C (+Network),VALE3,5,validation,0.01875575577987097,0.03544454410453064,-4.44742257865895,0.1442527916412889
Ridge,Set C (+Network),VALE3,5,test,0.013436500140702835,0.01698299401964931,-5.4318860469789865,0.5307655513301202
Random Forest,Set C (+Network),BBDC4,5,train,0.012302067323923303,0.016999063549278267,-5.25803369873326,0.48984205859409147
Random Forest,Set C (+Network),BBDC4,5,validation,0.015708895234724712,0.02694675720625144,-4.913582176199503,0.3042092057876258
Random Forest,Set C (+Network),BBDC4,5,test,0.01569401755362782,0.023366124015524427,-5.285173095437371,0.009358813699979485
Random Forest,Set C (+Network),PETR4,5,train,0.01492216148659131,0.02030375742576988,-4.861331315342887,0.5922056340042418
Random Forest,Set C (+Network),PETR4,5,validation,0.021958972178460493,0.04495705704118335,-4.1933487219304535,0.18632396734661338
Random Forest,Set C (+Network),PETR4,5,test,0.017607585358088932,0.02591109934151456,-5.080601115081891,0.1566874320972763
Random Forest,Set C (+Network),VALE3,5,train,0.014245653940749826,0.019373554426645068,-4.86178654940781,0.6024617317073294
Random Forest,Set C (+Network),VALE3,5,validation,0.020219068755116983,0.03767587497784839,-4.545723029812166,0.033118177000581395
Random Forest,Set C (+Network),VALE3,5,test,0.015099882098612058,0.018708602050065522,-5.386579954151738,0.4305651416198163
HistGradientBoosting,Set C (+Network),BBDC4,5,train,0.010941899741386917,0.014904131567879137,-5.31264862355499,0.6078357432682624
HistGradientBoosting,Set C (+Network),BBDC4,5,validation,0.01618802705168385,0.02755711840950683,-4.926349681180987,0.27233202062433326
HistGradientBoosting,Set C (+Network),BBDC4,5,test,0.016000469161509004,0.02386613935687755,-5.250693979357067,-0.03349259585465614
HistGradientBoosting,Set C (+Network),PETR4,5,train,0.01310900887983984,0.01780406545065653,-4.91419363123894,0.6864355975254466
HistGradientBoosting,Set C (+Network),PETR4,5,validation,0.02315224955867307,0.04581744808311331,-4.184289133853648,0.15488157765732902
HistGradientBoosting,Set C (+Network),PETR4,5,test,0.018414992722664492,0.0264437229270925,-5.053173115479906,0.12166115513498765
HistGradientBoosting,Set C (+Network),VALE3,5,train,0.012827347661124743,0.01712982874374673,-4.90313414341223,0.6892104773126531
HistGradientBoosting,Set C (+Network),VALE3,5,validation,0.02131259513942719,0.039003609607781924,-4.489029260702574,-0.03623033856762148
HistGradientBoosting,Set C (+Network),VALE3,5,test,0.01591076723261011,0.019914320019424243,-5.364560772523209,0.35480300114464425
MLP,Set C (+Network),BBDC4,5,train,0.012955726234267826,0.018770976939599567,-5.144474392161038,0.37794553902488737
MLP,Set C (+Network),BBDC4,5,validation,0.014610403733874457,0.026431426747359436,-4.868055546170972,0.3305673764882775
MLP,Set C (+Network),BBDC4,5,test,0.013587657093725348,0.02243411680615568,-5.013692418134124,0.08681035390291669
MLP,Set C (+Network),PETR4,5,train,0.016566332457230916,0.023774472870239084,-4.7000391561465245,0.4408733638363985
MLP,Set C (+Network),PETR4,5,validation,0.021971527682115733,0.04823219314871926,23758.439688494534,0.06345252782068034
MLP,Set C (+Network),PETR4,5,test,0.015527926959826764,0.024406912686041664,-4.7785455422421474,0.25175712695951
MLP,Set C (+Network),VALE3,5,train,0.016077534057966497,0.02310765742704282,-4.733074762579043,0.43444848750731335
MLP,Set C (+Network),VALE3,5,validation,0.019757055087007213,0.03769252398859069,8.057622229678772,0.03226345590139379
MLP,Set C (+Network),VALE3,5,test,0.01251865188039044,0.01657211393577443,-5.401617878887891,0.5531958525554117
CNN-1D,Sequence window,BBDC4,5,train,0.013229606696928237,0.0195064024392437,-5.169687974406812,0.33094913393141134
CNN-1D,Sequence window,BBDC4,5,validation,0.016423646436630628,0.029252558653487623,-4.725276595267572,0.18003865831612442
CNN-1D,Sequence window,BBDC4,5,test,0.013975344817245735,0.022574509316584217,-5.190216426470046,0.07534512521769299
CNN-1D,Sequence window,PETR4,5,train,0.016488230021961307,0.02316640369815154,-4.748814016914326,0.47178593071477704
CNN-1D,Sequence window,PETR4,5,validation,0.02340179982866001,0.048999221032151485,-3.400579119667679,0.03342818361327449
CNN-1D,Sequence window,PETR4,5,test,0.015630316593440934,0.02404064124100776,-5.059842690763266,0.27404618989959906
CNN-1D,Sequence window,VALE3,5,train,0.016523622838302086,0.023663372057811646,-4.727250646167642,0.40981320573440005
CNN-1D,Sequence window,VALE3,5,validation,0.019186026752264843,0.03750174263253735,-4.133373114250705,0.04203509370318481
CNN-1D,Sequence window,VALE3,5,test,0.013419270752350231,0.017242201488617544,-5.379334777819664,0.5163326107407835
Ridge,Set A (Classical),BBDC4,20,train,0.020081307600775873,0.029430438729555714,-3.8041831147397875,0.4367130786351825
Ridge,Set A (Classical),BBDC4,20,validation,0.027981805421149687,0.05020317724719516,-3.3923346527346183,0.22337201523358186
Ridge,Set A (Classical),BBDC4,20,test,0.023926654875965764,0.03343485155889951,-3.8999151690248812,0.05637626669806095
Ridge,Set A (Classical),PETR4,20,train,0.025491742599263213,0.0342302116168507,-3.3734309940047478,0.5914917489204494
Ridge,Set A (Classical),PETR4,20,validation,0.042865494515774566,0.08869425279877878,-2.3035187718431707,0.02233931083473184
Ridge,Set A (Classical),PETR4,20,test,0.02244765691305783,0.035111359198299205,-3.730501603525035,0.412906009937713
Ridge,Set A (Classical),VALE3,20,train,0.02252988975616829,0.03318935601558067,-3.3875785479637637,0.5948053010028953
Ridge,Set A (Classical),VALE3,20,validation,0.03312401358033848,0.06513270863129804,-3.0089590656738237,0.007054182005542309
Ridge,Set A (Classical),VALE3,20,test,0.018599058992172245,0.023147519955620484,-4.034854309006837,0.705800768134939
Random Forest,Set A (Classical),BBDC4,20,train,0.01799907465651158,0.026097099396976707,-3.8332290127680895,0.5570847084816779
Random Forest,Set A (Classical),BBDC4,20,validation,0.028712312605514226,0.05468565782785887,-3.214378733040245,0.0784953945061655
Random Forest,Set A (Classical),BBDC4,20,test,0.026353245175339768,0.035990092380458236,-3.8809292199219865,-0.09336704417888675
Random Forest,Set A (Classical),PETR4,20,train,0.02025075995863045,0.02675642065877025,-3.437781029316897,0.7504039573859117
Random Forest,Set A (Classical),PETR4,20,validation,0.04464845958017761,0.09115747798731244,-2.0910589750483215,-0.0327181188374861
Random Forest,Set A (Classical),PETR4,20,test,0.02763448447564211,0.04135594866248113,-3.708859227063254,0.18550518096915702
Random Forest,Set A (Classical),VALE3,20,train,0.017849923511501685,0.025297260129318398,-3.4496667947054003,0.7645964127023932
Random Forest,Set A (Classical),VALE3,20,validation,0.03484783490031605,0.06832964479520266,-2.9806212588598986,-0.09281236080032595
Random Forest,Set A (Classical),VALE3,20,test,0.024967530041849994,0.033693720143323835,-3.946153830977368,0.37665205970171245
HistGradientBoosting,Set A (Classical),BBDC4,20,train,0.014511116337801154,0.02152428395168255,-3.8729486272434057,0.6987038234867173
HistGradientBoosting,Set A (Classical),BBDC4,20,validation,0.03061267894520474,0.055787083706122474,-3.243179147942367,0.04100145826660373
HistGradientBoosting,Set A (Classical),BBDC4,20,test,0.023937698674605823,0.03359734821250039,-3.9150213954735196,0.047181770236347176
HistGradientBoosting,Set A (Classical),PETR4,20,train,0.016379006063812675,0.02148103353913446,-3.476264939881426,0.8391237215427217
HistGradientBoosting,Set A (Classical),PETR4,20,validation,0.045610623298876676,0.09142469388246308,-2.219092557856466,-0.038781541621450755
HistGradientBoosting,Set A (Classical),PETR4,20,test,0.029122686994740493,0.042976168217537886,-3.6837141213017754,0.12043541832185145
HistGradientBoosting,Set A (Classical),VALE3,20,train,0.014748414872989142,0.02080865371822323,-3.478972823563244,0.8407226323030313
HistGradientBoosting,Set A (Classical),VALE3,20,validation,0.035968955063329144,0.0697667828226692,-2.9501027208812785,-0.13926476515202024
HistGradientBoosting,Set A (Classical),VALE3,20,test,0.02486737698721265,0.034066664788414136,-3.9425612193279456,0.3627764255592919
MLP,Set A (Classical),BBDC4,20,train,0.019299662299811893,0.0292380192633885,-3.7816747705137947,0.4440546643582871
MLP,Set A (Classical),BBDC4,20,validation,0.029105294867018443,0.054529300663704615,-3.198821706590426,0.08375739081042621
MLP,Set A (Classical),BBDC4,20,test,0.021565681329875196,0.03291531432485756,-3.8155462746312145,0.08547397242920152
MLP,Set A (Classical),PETR4,20,train,0.025220198299155304,0.03485053061155937,-3.351717385236289,0.5765516408223909
MLP,Set A (Classical),PETR4,20,validation,0.04201180917325422,0.09208158127849515,-1.7924884586864325,-0.05376248087867452
MLP,Set A (Classical),PETR4,20,test,0.022085021943933855,0.03525166578661282,-3.710568290056924,0.40820452642433425
MLP,Set A (Classical),VALE3,20,train,0.02121271060763374,0.031079997574560026,-3.3878036587777625,0.6446731253027191
MLP,Set A (Classical),VALE3,20,validation,0.035923604697630715,0.06758972770492863,-2.8368736945237982,-0.06927316117799243
MLP,Set A (Classical),VALE3,20,test,0.017574506695327737,0.022957331465293117,-4.023623739550495,0.710615404126161
Ridge,Set B (+Market/RMT),BBDC4,20,train,0.020081307600775877,0.029430438729555714,-3.8041831147397875,0.4367130786351825
Ridge,Set B (+Market/RMT),BBDC4,20,validation,0.027981805421149687,0.05020317724719516,-3.3923346527346183,0.22337201523358186
Ridge,Set B (+Market/RMT),BBDC4,20,test,0.023926654875965764,0.03343485155889951,-3.8999151690248812,0.05637626669806095
Ridge,Set B (+Market/RMT),PETR4,20,train,0.025491742599263217,0.0342302116168507,-3.3734309940047478,0.5914917489204494
Ridge,Set B (+Market/RMT),PETR4,20,validation,0.042865494515774566,0.08869425279877878,-2.3035187718431707,0.02233931083473184
Ridge,Set B (+Market/RMT),PETR4,20,test,0.022447656913057827,0.035111359198299205,-3.730501603525035,0.412906009937713
Ridge,Set B (+Market/RMT),VALE3,20,train,0.02252988975616829,0.033189356015580665,-3.3875785479637637,0.5948053010028954
Ridge,Set B (+Market/RMT),VALE3,20,validation,0.03312401358033848,0.06513270863129804,-3.0089590656738237,0.007054182005542309
Ridge,Set B (+Market/RMT),VALE3,20,test,0.018599058992172245,0.023147519955620484,-4.034854309006837,0.705800768134939
Random Forest,Set B (+Market/RMT),BBDC4,20,train,0.017999553512693424,0.02609763666626713,-3.833228858718476,0.5570664714178342
Random Forest,Set B (+Market/RMT),BBDC4,20,validation,0.028721061091981876,0.05469332443746669,-3.214373144847165,0.07823699727494526
Random Forest,Set B (+Market/RMT),BBDC4,20,test,0.026331662972149388,0.03595651878969784,-3.88123995662024,-0.09132808659376401
Random Forest,Set B (+Market/RMT),PETR4,20,train,0.020251766229530607,0.02675744372367645,-3.4377741625362788,0.7503848697929149
Random Forest,Set B (+Market/RMT),PETR4,20,validation,0.04463859646725547,0.09114488083384975,-2.0912218790671453,-0.03243271362381672
Random Forest,Set B (+Market/RMT),PETR4,20,test,0.027627918394285633,0.0413364337600251,-3.7089006639818525,0.1862736816211622
Random Forest,Set B (+Market/RMT),VALE3,20,train,0.017850281828379597,0.025296760163203615,-3.44966779583582,0.7646057174771645
Random Forest,Set B (+Market/RMT),VALE3,20,validation,0.034846153316823385,0.06833180142210682,-2.9803370259059947,-0.09288134478928578
Random Forest,Set B (+Market/RMT),VALE3,20,test,0.024969138727565142,0.033696828737940984,-3.94614107225154,0.3765370337899586
HistGradientBoosting,Set B (+Market/RMT),BBDC4,20,train,0.014511116337801154,0.02152428395168255,-3.8729486272434057,0.6987038234867173
HistGradientBoosting,Set B (+Market/RMT),BBDC4,20,validation,0.03061267894520474,0.055787083706122474,-3.243179147942367,0.04100145826660373
HistGradientBoosting,Set B (+Market/RMT),BBDC4,20,test,0.023937698674605823,0.03359734821250039,-3.9150213954735196,0.047181770236347176
HistGradientBoosting,Set B (+Market/RMT),PETR4,20,train,0.016379006063812675,0.02148103353913446,-3.476264939881426,0.8391237215427217
HistGradientBoosting,Set B (+Market/RMT),PETR4,20,validation,0.045610623298876676,0.09142469388246308,-2.219092557856466,-0.038781541621450755
HistGradientBoosting,Set B (+Market/RMT),PETR4,20,test,0.029122686994740493,0.042976168217537886,-3.6837141213017754,0.12043541832185145
HistGradientBoosting,Set B (+Market/RMT),VALE3,20,train,0.014748414872989142,0.02080865371822323,-3.478972823563244,0.8407226323030313
HistGradientBoosting,Set B (+Market/RMT),VALE3,20,validation,0.035968955063329144,0.0697667828226692,-2.9501027208812785,-0.13926476515202024
HistGradientBoosting,Set B (+Market/RMT),VALE3,20,test,0.02486737698721265,0.034066664788414136,-3.9425612193279456,0.3627764255592919
MLP,Set B (+Market/RMT),BBDC4,20,train,0.021200355046865335,0.031158050714228915,-3.774172499196408,0.3686404489031133
MLP,Set B (+Market/RMT),BBDC4,20,validation,0.028653782193427717,0.05331047736118457,-3.256607918262776,0.12425882131755195
MLP,Set B (+Market/RMT),BBDC4,20,test,0.025217615961079316,0.035519652295805705,-2.4923088837182337,-0.06497023105247024
MLP,Set B (+Market/RMT),PETR4,20,train,0.02706703788755559,0.03670581656319652,-3.3436993258867655,0.5302665965592375
MLP,Set B (+Market/RMT),PETR4,20,validation,0.04297487173269639,0.09216655272663214,-1.957795830304672,-0.05570816937967216
MLP,Set B (+Market/RMT),PETR4,20,test,0.021654101157892302,0.03384419826337717,-3.7469254769653526,0.45451751272767027
MLP,Set B (+Market/RMT),VALE3,20,train,0.023882536492845878,0.03413942371756393,-3.3822723105254298,0.5712753294977815
MLP,Set B (+Market/RMT),VALE3,20,validation,0.03554790937311672,0.06496889934733724,-2.9216651646233887,0.012042434732547735
MLP,Set B (+Market/RMT),VALE3,20,test,0.017094905618154195,0.022250323345732338,-4.042037093167694,0.7281650751462881
Ridge,Set C (+Network),BBDC4,20,train,0.01933439372710504,0.02924827583169357,-3.79886644198499,0.4436645495976551
Ridge,Set C (+Network),BBDC4,20,validation,0.026947260727719313,0.050069154161751166,-3.369300919785119,0.22751307361489836
Ridge,Set C (+Network),BBDC4,20,test,0.023698852682421154,0.03378044765710504,-3.87376831007897,0.03676809850498175
Ridge,Set C (+Network),PETR4,20,train,0.02565301623658327,0.03411929899155514,-3.380281113761476,0.5941347543740771
Ridge,Set C (+Network),PETR4,20,validation,0.04279622001942886,0.08808031543003637,-2.3705055694341874,0.03582710867276884
Ridge,Set C (+Network),PETR4,20,test,0.0227107804766557,0.03500268366488031,-3.7405435522363937,0.41653469386750774
Ridge,Set C (+Network),VALE3,20,train,0.022768482525859408,0.03321057495591279,-3.3910585207107133,0.5942870293888323
Ridge,Set C (+Network),VALE3,20,validation,0.03311165326390082,0.06482630234725317,-3.0420780284472064,0.01637451304758164
Ridge,Set C (+Network),VALE3,20,test,0.01938191905302903,0.023858009180691347,-4.029271908096358,0.6874633139414783
Random Forest,Set C (+Network),BBDC4,20,train,0.017409389328545886,0.025302199338510387,-3.8377100031748235,0.5836555872410041
Random Forest,Set C (+Network),BBDC4,20,validation,0.02825495832926504,0.0544774871694471,-3.218477281751407,0.08549778270726416
Random Forest,Set C (+Network),BBDC4,20,test,0.026152561978629356,0.03577797810356598,-3.8825921158431247,-0.08051710039874216
Random Forest,Set C (+Network),PETR4,20,train,0.020350468786748756,0.026786816149260404,-3.4378190064968304,0.7498365494018759
Random Forest,Set C (+Network),PETR4,20,validation,0.04415939536056612,0.09077866477870217,-2.1032853495415145,-0.024152844236118964
Random Forest,Set C (+Network),PETR4,20,test,0.027497179525784322,0.04065308774014117,-3.7112694482938458,0.21295525108706714
Random Forest,Set C (+Network),VALE3,20,train,0.017634231729496283,0.02444125449089433,-3.454365137087325,0.7802579915176673
Random Forest,Set C (+Network),VALE3,20,validation,0.035268093921421544,0.06897102970652859,-2.9689937638714112,-0.11342429190241266
Random Forest,Set C (+Network),VALE3,20,test,0.02541371686617263,0.03393798979718653,-3.9425319117772233,0.3675811157184934
HistGradientBoosting,Set C (+Network),BBDC4,20,train,0.014039739783460627,0.020826022673827386,-3.878455200197931,0.7179352151623386
HistGradientBoosting,Set C (+Network),BBDC4,20,validation,0.02881276500474093,0.05500852640063922,-3.243806786816457,0.06758199621572114
HistGradientBoosting,Set C (+Network),BBDC4,20,test,0.023678179309801095,0.03343274057435205,-3.9196347000723355,0.05649541854966689
HistGradientBoosting,Set C (+Network),PETR4,20,train,0.01639867941210367,0.021320434476082187,-3.4763034862373132,0.841520254119511
HistGradientBoosting,Set C (+Network),PETR4,20,validation,0.04430725882577751,0.09017077098430097,-2.262140538591813,-0.010482415432239378
HistGradientBoosting,Set C (+Network),PETR4,20,test,0.02957479413708537,0.042576548113159036,-3.676316775638631,0.1367168834378869
HistGradientBoosting,Set C (+Network),VALE3,20,train,0.01457869064634768,0.02025043398191559,-3.481981856709034,0.8491536613643036
HistGradientBoosting,Set C (+Network),VALE3,20,validation,0.038307790221493734,0.07072971490051114,-2.955832627184623,-0.17093041647031204
HistGradientBoosting,Set C (+Network),VALE3,20,test,0.026152946783044157,0.03539017680612542,-3.929043141178225,0.31230151941912954
MLP,Set C (+Network),BBDC4,20,train,0.019588941989643015,0.030167506223272272,-3.7804503347443084,0.4081454140533871
MLP,Set C (+Network),BBDC4,20,validation,0.025088648370856673,0.05216118133381282,-3.255341877481098,0.16161120397974305
MLP,Set C (+Network),BBDC4,20,test,0.022424847966133497,0.0328664065754054,-3.4855301869602577,0.08818967976907333
MLP,Set C (+Network),PETR4,20,train,0.025755123895914757,0.034939391349834543,-3.362429551698738,0.5743894984164264
MLP,Set C (+Network),PETR4,20,validation,0.043414682151123124,0.09328599131604441,243.00316517659797,-0.08150879657287802
MLP,Set C (+Network),PETR4,20,test,0.02135647610095373,0.03369870198194578,-3.72967655949438,0.45919749221880235
MLP,Set C (+Network),VALE3,20,train,0.022919259818340882,0.03336909999687993,-3.3902416966875806,0.5904045813838283
MLP,Set C (+Network),VALE3,20,validation,0.03511158542809286,0.06638172397325985,-2.087115619898186,-0.03139334946149619
MLP,Set C (+Network),VALE3,20,test,0.017479132597161304,0.022345842412424058,-4.047032505114648,0.7258261291664545
CNN-1D,Sequence window,BBDC4,20,train,0.02039850220458303,0.03227749392273847,-3.7414128889527967,0.32482681825290294
CNN-1D,Sequence window,BBDC4,20,validation,0.029949907012368306,0.0550213890207908,-3.2367125119254276,0.067145891430204
CNN-1D,Sequence window,BBDC4,20,test,0.02092052113862893,0.032540742567189314,-3.862363504736688,0.10616990139703597
CNN-1D,Sequence window,PETR4,20,train,0.024067202552123107,0.033341353917626104,-3.3590141953507664,0.614615245857892
CNN-1D,Sequence window,PETR4,20,validation,0.045569052049924355,0.09362525557365198,-1.7887033258551372,-0.08938960439041987
CNN-1D,Sequence window,PETR4,20,test,0.02275007688634576,0.036582527232893146,-3.681160559190567,0.3626767528712517
CNN-1D,Sequence window,VALE3,20,train,0.02169385621779757,0.030849367959639235,-3.3721112346366384,0.6516001405583618
CNN-1D,Sequence window,VALE3,20,validation,0.033060319811817174,0.06805039695225434,-2.7802701720727607,-0.0838984574967585
CNN-1D,Sequence window,VALE3,20,test,0.017904804405866604,0.02272149484203394,-4.022030052607464,0.7165304590892949
