symbol,company_name,sector,subsector,degree_mst_original,betweenness_mst_original,degree_rank_mst_original,betweenness_rank_mst_original,degree_mst_group_mode,betweenness_mst_group_mode,degree_rank_mst_group_mode,betweenness_rank_mst_group_mode,degree_pmfg_original,betweenness_pmfg_original,degree_rank_pmfg_original,betweenness_rank_pmfg_original,degree_pmfg_group_mode,betweenness_pmfg_group_mode,degree_rank_pmfg_group_mode,betweenness_rank_pmfg_group_mode,degree_rank_shift_mst_original_to_group,betweenness_rank_shift_mst_original_to_group,degree_rank_shift_pmfg_original_to_group,betweenness_rank_shift_pmfg_original_to_group
PETR4,PETROBRAS,Oil Gas and Biofuels,Oil Gas and Biofuels,1,0.0,25.0,25.0,1,0.0,18.0,18.0,8,0.0181704260651629,12.0,12.0,6,0.0087719298245614,16.0,15.0,7.0,7.0,-4.0,-3.0
VALE3,VALE,Basic Materials,Mining,3,0.4354636591478696,8.0,5.0,3,0.3659147869674185,8.0,7.0,7,0.012531328320802,13.0,13.0,13,0.3070175438596491,4.0,3.0,0.0,-2.0,9.0,10.0
BBDC4,BRADESCO,Financials,Banks,3,0.5075187969924811,8.0,2.0,10,0.5827067669172932,2.0,2.0,16,0.3590225563909774,1.0,2.0,12,0.213032581453634,5.0,7.0,6.0,0.0,-4.0,-5.0
BBAS3,BANCO DO BRASIL,Financials,Banks,3,0.0695488721804511,8.0,15.0,1,0.0,18.0,18.0,9,0.0112781954887218,8.0,14.0,4,0.0,26.0,21.0,-10.0,-3.0,-18.0,-7.0
PETR3,PETROBRAS,Oil Gas and Biofuels,Oil Gas and Biofuels,4,0.4743107769423558,6.0,3.0,2,0.3771929824561403,10.0,6.0,7,0.0620300751879699,13.0,10.0,7,0.0432330827067669,13.0,14.0,-4.0,-3.0,0.0,-4.0
RENT3,LOCALIZA,Industrials,Transportation,1,0.0,25.0,25.0,1,0.0,18.0,18.0,4,0.0,28.0,24.0,5,0.0,20.0,21.0,7.0,7.0,8.0,3.0
LREN3,LOJAS RENNER,Consumer Cyclical,Retail,3,0.1353383458646616,8.0,12.0,1,0.0,18.0,18.0,9,0.0031328320802005,8.0,17.0,8,0.1923558897243107,10.0,8.0,-10.0,-6.0,-2.0,9.0
GGBR4,GERDAU,Basic Materials,Steel and Metallurgy,3,0.1027568922305764,8.0,13.0,2,0.1015037593984962,10.0,13.0,15,0.3790726817042606,3.0,1.0,6,0.0006265664160401,16.0,19.0,-2.0,0.0,-13.0,-18.0
ITSA4,ITAUSA,Financials,Financial Services,6,0.7155388471177945,2.0,1.0,1,0.0,18.0,18.0,13,0.1654135338345864,5.0,6.0,4,0.0,26.0,21.0,-16.0,-17.0,-21.0,-15.0
USIM5,USIMINAS,Basic Materials,Steel and Metallurgy,3,0.3233082706766917,8.0,8.0,1,0.0,18.0,18.0,5,0.0006265664160401,22.0,21.0,4,0.0,26.0,21.0,-10.0,-10.0,-4.0,0.0
CSNA3,CSN,Basic Materials,Steel and Metallurgy,2,0.3383458646616541,16.0,7.0,1,0.0,18.0,18.0,7,0.0050125313283208,13.0,16.0,4,0.0,26.0,21.0,-2.0,-11.0,-13.0,-5.0
ELET3,ELETROBRAS,Utilities,Electric Utility,1,0.0,25.0,25.0,1,0.0,18.0,18.0,5,0.0012531328320802,22.0,19.0,5,0.0,20.0,21.0,7.0,7.0,2.0,-2.0
CYRE3,CYRELA,Real Estate,Real Estate,6,0.4411027568922305,2.0,4.0,1,0.0,18.0,18.0,16,0.1998746867167919,1.0,4.0,3,0.0,47.0,21.0,-16.0,-14.0,-46.0,-17.0
SBSP3,SABESP,Utilities,Water and Sanitation,3,0.1027568922305764,8.0,13.0,1,0.0,18.0,18.0,7,0.0012531328320802,13.0,19.0,3,0.0,47.0,21.0,-10.0,-5.0,-34.0,-2.0
CCRO3,CCR,Industrials,Transportation,1,0.0,25.0,25.0,1,0.0,18.0,18.0,6,0.0,19.0,24.0,7,0.2299498746867168,13.0,4.0,7.0,7.0,6.0,20.0
CMIG4,CEMIG,Utilities,Electric Utility,4,0.356516290726817,6.0,6.0,6,0.169172932330827,4.0,12.0,15,0.1954887218045112,3.0,5.0,9,0.0087719298245614,9.0,15.0,2.0,-6.0,-6.0,-10.0
EMBR3,EMBRAER,Industrials,Aerospace and Defense,1,0.0,25.0,25.0,1,0.0,18.0,18.0,3,0.0,37.0,24.0,3,0.0,47.0,21.0,7.0,7.0,-10.0,3.0
BRAP4,BRADESPAR,Basic Materials,Mining,3,0.0695488721804511,8.0,15.0,9,0.3477443609022556,3.0,8.0,7,0.0307017543859649,13.0,11.0,15,0.1159147869674185,3.0,10.0,5.0,7.0,10.0,1.0
BRKM5,BRASKEM,Basic Materials,Chemicals,2,0.0350877192982456,16.0,17.0,1,0.0,18.0,18.0,5,0.0006265664160401,22.0,21.0,3,0.0,47.0,21.0,-2.0,-1.0,-25.0,0.0
GOAU4,METALURGICA GERDAU,Basic Materials,Steel and Metallurgy,5,0.2882205513784461,5.0,9.0,1,0.0,18.0,18.0,13,0.106516290726817,5.0,8.0,4,0.0,26.0,21.0,-13.0,-9.0,-21.0,-13.0
BBDC3,BRADESCO,Financials,Banks,2,0.0350877192982456,16.0,17.0,1,0.0,18.0,18.0,9,0.3558897243107769,8.0,3.0,12,0.3082706766917293,5.0,2.0,-2.0,-1.0,3.0,1.0
ELET6,ELETROBRAS,Utilities,Electric Utility,2,0.0350877192982456,16.0,17.0,1,0.0,18.0,18.0,4,0.0081453634085213,28.0,15.0,4,0.0,26.0,21.0,-2.0,-1.0,2.0,-6.0
CPLE6,COPEL,Utilities,Electric Utility,6,0.2593984962406015,2.0,10.0,1,0.0,18.0,18.0,12,0.1102756892230576,7.0,7.0,4,0.0,26.0,21.0,-16.0,-8.0,-19.0,-14.0
CPFE3,CPFL ENERGIA,Utilities,Electric Utility,1,0.0,25.0,25.0,1,0.0,18.0,18.0,5,0.0,22.0,24.0,4,0.0,26.0,21.0,7.0,7.0,-4.0,3.0
PSSA3,PORTO SEGURO,Financials,Insurance,1,0.0,25.0,25.0,2,0.4962406015037593,10.0,4.0,3,0.0,37.0,24.0,6,0.0444862155388471,16.0,13.0,15.0,21.0,21.0,11.0
TRPL4,ISA CTEEP,Utilities,Electric Utility,1,0.0,25.0,25.0,1,0.0,18.0,18.0,3,0.0,37.0,24.0,4,0.0,26.0,21.0,7.0,7.0,11.0,3.0
ALPA4,ALPARGATAS,Consumer Cyclical,Apparel and Footwear,1,0.0,25.0,25.0,12,0.6560150375939849,1.0,1.0,4,0.0,28.0,24.0,16,0.1672932330827067,2.0,9.0,24.0,24.0,26.0,15.0
POMO4,MARCOPOLO,Industrials,Transportation Equipment,1,0.0,25.0,25.0,1,0.0,18.0,18.0,6,0.0,19.0,24.0,4,0.0,26.0,21.0,7.0,7.0,-7.0,3.0
RAPT4,RANDON,Industrials,Transportation Equipment,7,0.2011278195488721,1.0,11.0,1,0.0,18.0,18.0,9,0.0739348370927318,8.0,9.0,4,0.0,26.0,21.0,-17.0,-7.0,-18.0,-12.0
CPLE3,COPEL,Utilities,Electric Utility,1,0.0,25.0,25.0,1,0.0,18.0,18.0,5,0.0,22.0,24.0,7,0.0056390977443609,13.0,17.0,7.0,7.0,9.0,7.0
TELB4,TELEBRAS,Telecommunications,Telecommunications,2,0.0350877192982456,16.0,17.0,2,0.0350877192982456,10.0,15.0,4,0.0006265664160401,28.0,21.0,4,0.0006265664160401,26.0,19.0,6.0,2.0,2.0,2.0
KLBN4,KLABIN,Basic Materials,Paper and Cellulose,1,0.0,25.0,25.0,1,0.0,18.0,18.0,4,0.0,28.0,24.0,4,0.0,26.0,21.0,7.0,7.0,2.0,3.0
GRND3,GRENDENE,Consumer Cyclical,Apparel and Footwear,2,0.0350877192982456,16.0,17.0,4,0.5394736842105263,7.0,3.0,4,0.0,28.0,24.0,8,0.0570175438596491,10.0,12.0,9.0,14.0,18.0,12.0
USIM3,USIMINAS,Basic Materials,Steel and Metallurgy,1,0.0,25.0,25.0,1,0.0,18.0,18.0,3,0.0,37.0,24.0,3,0.0,47.0,21.0,7.0,7.0,-10.0,3.0
GUAR3,GUARARAPES,Consumer Cyclical,Retail,2,0.0350877192982456,16.0,17.0,3,0.4880952380952381,8.0,5.0,4,0.0,28.0,24.0,17,0.4022556390977443,1.0,1.0,8.0,12.0,27.0,23.0
SAPR4,SANEPAR,Utilities,Water and Sanitation,1,0.0,25.0,25.0,2,0.2944862155388471,10.0,9.0,3,0.0,37.0,24.0,6,0.2274436090225564,16.0,5.0,15.0,16.0,21.0,19.0
UNIP6,UNIPAR,Basic Materials,Chemicals,1,0.0,25.0,25.0,1,0.0,18.0,18.0,3,0.0,37.0,24.0,3,0.0,47.0,21.0,7.0,7.0,-10.0,3.0
KEPL3,KEPLER WEBER,Industrials,Machinery and Equipment,1,0.0,25.0,25.0,1,0.0,18.0,18.0,3,0.0,37.0,24.0,5,0.0,20.0,21.0,7.0,7.0,17.0,3.0
CMIG3,CEMIG,Utilities,Electric Utility,1,0.0,25.0,25.0,5,0.2838345864661654,5.0,10.0,5,0.0,22.0,24.0,11,0.2180451127819548,8.0,6.0,20.0,15.0,14.0,18.0
FESA4,FERBASA,Basic Materials,Steel and Metallurgy,1,0.0,25.0,25.0,2,0.068922305764411,10.0,14.0,3,0.0,37.0,24.0,5,0.0,20.0,21.0,15.0,11.0,17.0,3.0
ROMI3,INDS ROMI,Industrials,Machinery and Equipment,1,0.0,25.0,25.0,2,0.0350877192982456,10.0,15.0,4,0.0,28.0,24.0,8,0.0031328320802005,10.0,18.0,15.0,10.0,18.0,6.0
ITSA3,ITAUSA,Financials,Financial Services,1,0.0,25.0,25.0,1,0.0,18.0,18.0,3,0.0,37.0,24.0,4,0.0,26.0,21.0,7.0,7.0,11.0,3.0
GGBR3,GERDAU,Basic Materials,Steel and Metallurgy,2,0.0350877192982456,16.0,17.0,1,0.0,18.0,18.0,6,0.0,19.0,24.0,5,0.0,20.0,21.0,-2.0,-1.0,-1.0,3.0
CGAS5,COMGAS,Utilities,Gas Utility,1,0.0,25.0,25.0,1,0.0,18.0,18.0,3,0.0,37.0,24.0,3,0.0,47.0,21.0,7.0,7.0,-10.0,3.0
COCE5,COELCE,Utilities,Electric Utility,1,0.0,25.0,25.0,1,0.0,18.0,18.0,3,0.0,37.0,24.0,3,0.0,47.0,21.0,7.0,7.0,-10.0,3.0
SHUL4,SCHULZ,Industrials,Machinery and Equipment,1,0.0,25.0,25.0,5,0.1998746867167919,5.0,11.0,4,0.0,28.0,24.0,12,0.1134085213032581,5.0,11.0,20.0,14.0,23.0,13.0
BRAP3,BRADESPAR,Basic Materials,Mining,1,0.0,25.0,25.0,1,0.0,18.0,18.0,3,0.0,37.0,24.0,4,0.0,26.0,21.0,7.0,7.0,11.0,3.0
ETER3,ETERNIT,Industrials,Construction Materials,1,0.0,25.0,25.0,1,0.0,18.0,18.0,3,0.0,37.0,24.0,5,0.0,20.0,21.0,7.0,7.0,17.0,3.0
SCAR3,SAO CARLOS,Real Estate,Real Estate,1,0.0,25.0,25.0,1,0.0,18.0,18.0,3,0.0,37.0,24.0,3,0.0,47.0,21.0,7.0,7.0,-10.0,3.0
TELB3,TELEBRAS,Telecommunications,Telecommunications,1,0.0,25.0,25.0,1,0.0,18.0,18.0,3,0.0,37.0,24.0,3,0.0,47.0,21.0,7.0,7.0,-10.0,3.0
CTNM4,COTEMINAS,Consumer Cyclical,Textiles,1,0.0,25.0,25.0,1,0.0,18.0,18.0,3,0.0,37.0,24.0,4,0.0,26.0,21.0,7.0,7.0,11.0,3.0
GOAU3,METALURGICA GERDAU,Basic Materials,Steel and Metallurgy,2,0.0350877192982456,16.0,17.0,1,0.0,18.0,18.0,7,0.0018796992481203,13.0,18.0,4,0.0,26.0,21.0,-2.0,-1.0,-13.0,-3.0
BEES3,BANESTES,Financials,Banks,1,0.0,25.0,25.0,1,0.0,18.0,18.0,3,0.0,37.0,24.0,3,0.0,47.0,21.0,7.0,7.0,-10.0,3.0
BOBR4,BOMBRIL,Consumer Non-Cyclical,Personal and Home Care,1,0.0,25.0,25.0,1,0.0,18.0,18.0,3,0.0,37.0,24.0,4,0.0,26.0,21.0,7.0,7.0,11.0,3.0
BRKM3,BRASKEM,Basic Materials,Chemicals,1,0.0,25.0,25.0,2,0.0350877192982456,10.0,15.0,3,0.0,37.0,24.0,4,0.0,26.0,21.0,15.0,10.0,11.0,3.0
BAZA3,BANCO DA AMAZONIA,Financials,Banks,1,0.0,25.0,25.0,1,0.0,18.0,18.0,3,0.0,37.0,24.0,4,0.0,26.0,21.0,7.0,7.0,11.0,3.0
EMAE4,EMAE,Utilities,Electric Utility,1,0.0,25.0,25.0,1,0.0,18.0,18.0,3,0.0,37.0,24.0,4,0.0,26.0,21.0,7.0,7.0,11.0,3.0
MGEL4,MANGELS,Basic Materials,Steel and Metallurgy,1,0.0,25.0,25.0,1,0.0,18.0,18.0,3,0.0,37.0,24.0,3,0.0,47.0,21.0,7.0,7.0,-10.0,3.0
