symbol,company_name,sector,subsector,segment,degree,degree_centrality,betweenness_centrality,closeness_centrality,eigenvector_centrality,clustering_coefficient,avg_financial_volume,n_days,first_date,last_date,specification
BBDC4,BRADESCO,Financials,Banks,Banks,16,0.2807017543859649,0.3590225563909774,0.5974172688969925,0.36558891824192247,0.1586088454773463,0.0,,,,
CYRE3,CYRELA,Real Estate,Real Estate,Construction,16,0.2807017543859649,0.19987468671679198,0.4686312072222634,0.36511892070637314,0.1798675901880274,0.0,,,,
CMIG4,CEMIG,Utilities,Electric Utility,Generation and Distribution,15,0.2631578947368421,0.19548872180451127,0.4809724259514073,0.2413775158755425,0.17732572789070036,0.0,,,,
GGBR4,GERDAU,Basic Materials,Steel and Metallurgy,Steel,15,0.2631578947368421,0.3790726817042606,0.4918783906168194,0.0672088323355245,0.14228781036339788,0.0,,,,
GOAU4,METALURGICA GERDAU,Basic Materials,Steel and Metallurgy,Holdings,13,0.22807017543859648,0.10651629072681704,0.44380908416496473,0.02135780660069956,0.1616815628132173,0.0,,,,
ITSA4,ITAUSA,Financials,Financial Services,Holdings,13,0.22807017543859648,0.16541353383458646,0.5495054453898874,0.2787729590579667,0.19181521192316578,0.0,,,,
CPLE6,COPEL,Utilities,Electric Utility,Generation and Distribution,12,0.21052631578947367,0.11027568922305764,0.4541845804726297,0.20661623775053695,0.21481207688706447,0.0,,,,
LREN3,LOJAS RENNER,Consumer Cyclical,Retail,Apparel,9,0.15789473684210525,0.003132832080200501,0.4319700254599663,0.23139329073739412,0.3134173548947804,0.0,,,,
BBDC3,BRADESCO,Financials,Banks,Banks,9,0.15789473684210525,0.3558897243107769,0.5903822524200588,0.1462716211537425,0.23865757153745853,0.0,,,,
BBAS3,BANCO DO BRASIL,Financials,Banks,Banks,9,0.15789473684210525,0.011278195488721804,0.4939324256694862,0.20593864011859173,0.27181192221877865,0.0,,,,
RAPT4,RANDON,Industrials,Transportation Equipment,Auto Parts,9,0.15789473684210525,0.07393483709273183,0.42844328970928375,0.22237620511289222,0.3324868699678336,0.0,,,,
PETR4,PETROBRAS,Oil Gas and Biofuels,Oil Gas and Biofuels,Exploration Refining and Distribution,8,0.14035087719298245,0.018170426065162906,0.49084175144139275,0.12363898520045558,0.27474120428922205,0.0,,,,
PETR3,PETROBRAS,Oil Gas and Biofuels,Oil Gas and Biofuels,Exploration Refining and Distribution,7,0.12280701754385964,0.06203007518796992,0.49027301703200565,0.08545876798693854,0.284115552063123,0.0,,,,
GOAU3,METALURGICA GERDAU,Basic Materials,Steel and Metallurgy,Holdings,7,0.12280701754385964,0.0018796992481203006,0.39951344120031834,0.014508059172487004,0.3160648909791694,0.0,,,,
CSNA3,CSN,Basic Materials,Steel and Metallurgy,Steel,7,0.12280701754385964,0.005012531328320802,0.381994568917779,0.0172790335890342,0.2735757014363762,0.0,,,,
BRAP4,BRADESPAR,Basic Materials,Mining,Holdings,7,0.12280701754385964,0.03070175438596491,0.3927775629118698,0.02637914305473155,0.28689414611794206,0.0,,,,
VALE3,VALE,Basic Materials,Mining,Minerals,7,0.12280701754385964,0.012531328320802004,0.39596133590744587,0.04088498267494012,0.2977629035144862,0.0,,,,
SBSP3,SABESP,Utilities,Water and Sanitation,Water and Sanitation,7,0.12280701754385964,0.0012531328320802004,0.35136171990300546,0.11060914717029618,0.3998074319296257,0.0,,,,
GGBR3,GERDAU,Basic Materials,Steel and Metallurgy,Steel,6,0.10526315789473684,0.0,0.42328909315532254,0.01076100328692641,0.3157260386971378,0.0,,,,
POMO4,MARCOPOLO,Industrials,Transportation Equipment,Commercial Vehicles,6,0.10526315789473684,0.0,0.41130176267638674,0.17326252768326408,0.48508570608140444,0.0,,,,
CCRO3,CCR,Industrials,Transportation,Infrastructure,6,0.10526315789473684,0.0,0.42163174878309023,0.18677807729252172,0.4593099070971912,0.0,,,,
BRKM5,BRASKEM,Basic Materials,Chemicals,Petrochemicals,5,0.08771929824561403,0.0006265664160401002,0.3403990607554913,0.016940197830762588,0.47764736170960587,0.0,,,,
CPFE3,CPFL ENERGIA,Utilities,Electric Utility,Generation and Distribution,5,0.08771929824561403,0.0,0.34911016701845937,0.07899465668149705,0.4738359992437539,0.0,,,,
ELET3,ELETROBRAS,Utilities,Electric Utility,Generation and Transmission,5,0.08771929824561403,0.0012531328320802004,0.36634619073664465,0.08660798400440559,0.48016976715197224,0.0,,,,
CMIG3,CEMIG,Utilities,Electric Utility,Generation and Distribution,5,0.08771929824561403,0.0,0.388461790322164,0.07540253799553748,0.4564501622595155,0.0,,,,
CPLE3,COPEL,Utilities,Electric Utility,Generation and Distribution,5,0.08771929824561403,0.0,0.363293923591494,0.07758722777093205,0.49039342820648313,0.0,,,,
USIM5,USIMINAS,Basic Materials,Steel and Metallurgy,Steel,5,0.08771929824561403,0.0006265664160401002,0.37820622246789065,0.011079171335536542,0.33086686851609476,0.0,,,,
SHUL4,SCHULZ,Industrials,Machinery and Equipment,Industrial Machinery,4,0.07017543859649122,0.0,0.29685661706069033,0.09338953141689528,0.7295210841183101,0.0,,,,
ROMI3,INDS ROMI,Industrials,Machinery and Equipment,Industrial Machinery,4,0.07017543859649122,0.0,0.32015952171035406,0.12735545567249348,0.6871458676849942,0.0,,,,
RENT3,LOCALIZA,Industrials,Transportation,Rent a Car,4,0.07017543859649122,0.0,0.3902737462716481,0.12518309332189975,0.5989075262060002,0.0,,,,
TELB4,TELEBRAS,Telecommunications,Telecommunications,Telecommunications,4,0.07017543859649122,0.0006265664160401002,0.3038523670591385,0.08402450532076204,0.7211845250714708,0.0,,,,
KLBN4,KLABIN,Basic Materials,Paper and Cellulose,Paper and Cellulose,4,0.07017543859649122,0.0,0.33720994077296357,0.016813012656656856,0.6210756924167652,0.0,,,,
GUAR3,GUARARAPES,Consumer Cyclical,Retail,Apparel,4,0.07017543859649122,0.0,0.33028196910014607,0.10793779591413334,0.6125881051547775,0.0,,,,
GRND3,GRENDENE,Consumer Cyclical,Apparel and Footwear,Footwear,4,0.07017543859649122,0.0,0.3217876272231377,0.1170679592779766,0.677451727339668,0.0,,,,
ALPA4,ALPARGATAS,Consumer Cyclical,Apparel and Footwear,Footwear,4,0.07017543859649122,0.0,0.32378580474204305,0.11264326410751911,0.638169364526269,0.0,,,,
ELET6,ELETROBRAS,Utilities,Electric Utility,Generation and Transmission,4,0.07017543859649122,0.008145363408521303,0.4001165026346,0.09196961462699488,0.5056912082047967,0.0,,,,
BEES3,BANESTES,Financials,Banks,Banks,3,0.05263157894736842,0.0,0.37521588544056333,0.13694527758009506,0.7969351417043834,0.0,,,,
BAZA3,BANCO DA AMAZONIA,Financials,Banks,Banks,3,0.05263157894736842,0.0,0.37871296036590385,0.11021856910429947,0.7993696990423889,0.0,,,,
CGAS5,COMGAS,Utilities,Gas Utility,Distribution,3,0.05263157894736842,0.0,0.3618947360205266,0.12503134285916945,0.8520893300192459,0.0,,,,
BOBR4,BOMBRIL,Consumer Non-Cyclical,Personal and Home Care,Home Care,3,0.05263157894736842,0.0,0.29157175537659874,0.007614379340993968,0.6981364310856152,0.0,,,,
BRAP3,BRADESPAR,Basic Materials,Mining,Holdings,3,0.05263157894736842,0.0,0.3256228948175838,0.007699367051881038,0.5099838386176893,0.0,,,,
BRKM3,BRASKEM,Basic Materials,Chemicals,Petrochemicals,3,0.05263157894736842,0.0,0.3015617088171405,0.007149172199399285,0.7050507051540897,0.0,,,,
EMBR3,EMBRAER,Industrials,Aerospace and Defense,Aerospace,3,0.05263157894736842,0.0,0.33051372629030173,0.015077066014837756,0.7237342066809775,0.0,,,,
EMAE4,EMAE,Utilities,Electric Utility,Generation,3,0.05263157894736842,0.0,0.28454410323211954,0.08171582722113431,0.9006248338440627,0.0,,,,
CTNM4,COTEMINAS,Consumer Cyclical,Textiles,Textiles,3,0.05263157894736842,0.0,0.3050872258471154,0.11447730129963334,0.8521639480879687,0.0,,,,
COCE5,COELCE,Utilities,Electric Utility,Distribution,3,0.05263157894736842,0.0,0.3180429542556949,0.08063906742200841,0.7703951217270447,0.0,,,,
ETER3,ETERNIT,Industrials,Construction Materials,Construction Materials,3,0.05263157894736842,0.0,0.31293443746226957,0.12121701652348327,0.8282891650955838,0.0,,,,
KEPL3,KEPLER WEBER,Industrials,Machinery and Equipment,Agricultural,3,0.05263157894736842,0.0,0.36018459240104017,0.1627434194549391,0.8614345627681544,0.0,,,,
ITSA3,ITAUSA,Financials,Financial Services,Holdings,3,0.05263157894736842,0.0,0.39971977117367674,0.08360215315388285,0.6650928463660236,0.0,,,,
FESA4,FERBASA,Basic Materials,Steel and Metallurgy,Metallurgy,3,0.05263157894736842,0.0,0.3353614563556424,0.01578048059567158,0.6429234703911776,0.0,,,,
MGEL4,MANGELS,Basic Materials,Steel and Metallurgy,Metallurgy,3,0.05263157894736842,0.0,0.3082016381572536,0.015548501036524751,0.7018123068804035,0.0,,,,
SCAR3,SAO CARLOS,Real Estate,Real Estate,Commercial Properties,3,0.05263157894736842,0.0,0.3713102520308645,0.12854717725782916,0.7724347130796204,0.0,,,,
PSSA3,PORTO SEGURO,Financials,Insurance,Insurance,3,0.05263157894736842,0.0,0.40846460187300543,0.09465536339160469,0.7369784872237078,0.0,,,,
SAPR4,SANEPAR,Utilities,Water and Sanitation,Water and Sanitation,3,0.05263157894736842,0.0,0.3258264800281488,0.059308548147390526,0.727656347519987,0.0,,,,
TRPL4,ISA CTEEP,Utilities,Electric Utility,Transmission,3,0.05263157894736842,0.0,0.3168463074914152,0.049302845472377954,0.7239249092785993,0.0,,,,
TELB3,TELEBRAS,Telecommunications,Telecommunications,Telecommunications,3,0.05263157894736842,0.0,0.3014703453326406,0.07048482997983853,0.8552011026375713,0.0,,,,
USIM3,USIMINAS,Basic Materials,Steel and Metallurgy,Steel,3,0.05263157894736842,0.0,0.33677960906071747,0.004720912474584209,0.5124460275689292,0.0,,,,
UNIP6,UNIPAR,Basic Materials,Chemicals,Chemicals,3,0.05263157894736842,0.0,0.33748095647532783,0.035477530109150224,0.6715749010719615,0.0,,,,
