eigen_rank,eigenvalue,sector,n_assets,sum_abs_loading,mean_abs_loading,max_abs_loading,dominant_symbol,dominant_loading
1,21.650461852002376,Consumer Cyclical,5,0.5828182829660835,0.1165636565932167,0.14788741680015655,LREN3,0.14788741680015655
1,21.650461852002376,Financials,8,1.0436686532336126,0.13045858165420157,0.16938921154246409,ITSA4,0.16938921154246409
1,21.650461852002376,Consumer Non-Cyclical,1,0.07250252584911633,0.07250252584911633,0.07250252584911633,BOBR4,0.07250252584911633
1,21.650461852002376,Basic Materials,16,2.261348016501808,0.141334251031363,0.17426385285520893,GOAU4,0.17426385285520893
1,21.650461852002376,Industrials,9,1.0385617832242526,0.11539575369158363,0.15482476579478846,RAPT4,0.15482476579478846
1,21.650461852002376,Utilities,13,1.6575901590587394,0.12750693531221072,0.15916246323074593,CPLE6,0.15916246323074593
1,21.650461852002376,Real Estate,2,0.2624392896750698,0.1312196448375349,0.16158639195201077,CYRE3,0.16158639195201077
1,21.650461852002376,Oil Gas and Biofuels,2,0.31701750557276287,0.15850875278638143,0.15853440995179946,PETR3,0.15853440995179946
1,21.650461852002376,Telecommunications,2,0.08098580449685043,0.040492902248425215,0.04404920293714944,TELB4,0.04404920293714944
2,3.09565032761159,Consumer Cyclical,5,0.6222630977708493,0.12445261955416986,0.15715791449798377,GRND3,0.15715791449798377
2,3.09565032761159,Financials,8,0.31147493919703473,0.03893436739962934,0.062367079923203395,PSSA3,0.062367079923203395
2,3.09565032761159,Consumer Non-Cyclical,1,0.03218767004747319,0.03218767004747319,0.03218767004747319,BOBR4,0.03218767004747319
2,3.09565032761159,Basic Materials,16,2.673966333462186,0.16712289584138662,0.28313829687043235,VALE3,-0.28313829687043235
2,3.09565032761159,Industrials,9,0.5750790861868398,0.0638976762429822,0.12642578348758998,CCRO3,0.12642578348758998
2,3.09565032761159,Utilities,13,1.5880365863811459,0.12215666049085737,0.17466261024266316,SAPR4,0.17466261024266316
2,3.09565032761159,Real Estate,2,0.11345494310258321,0.056727471551291604,0.10692130625003018,CYRE3,0.10692130625003018
2,3.09565032761159,Oil Gas and Biofuels,2,0.10290099546301022,0.05145049773150511,0.0549902657824192,PETR3,-0.0549902657824192
2,3.09565032761159,Telecommunications,2,0.0464469269970778,0.0232234634985389,0.025357572385856772,TELB3,0.025357572385856772
3,1.7838761140083956,Consumer Cyclical,5,0.7519899829034492,0.15039799658068984,0.2089445777930162,ALPA4,0.2089445777930162
3,1.7838761140083956,Financials,8,1.3988609174406696,0.1748576146800837,0.27349282666161434,BBDC4,-0.27349282666161434
3,1.7838761140083956,Consumer Non-Cyclical,1,0.1271392111799451,0.1271392111799451,0.1271392111799451,BOBR4,0.1271392111799451
3,1.7838761140083956,Basic Materials,16,1.153464881388683,0.07209155508679269,0.21314447635178072,BRKM3,0.21314447635178072
3,1.7838761140083956,Industrials,9,1.2685610911871845,0.14095123235413162,0.2922217213255465,ROMI3,0.2922217213255465
3,1.7838761140083956,Utilities,13,0.9894898053057533,0.07611460040813486,0.19223675880986585,EMAE4,0.19223675880986585
3,1.7838761140083956,Real Estate,2,0.04932748929921277,0.024663744649606384,0.03738496099611637,SCAR3,-0.03738496099611637
3,1.7838761140083956,Oil Gas and Biofuels,2,0.3029098486254125,0.15145492431270624,0.15158909342775206,PETR3,-0.15158909342775206
3,1.7838761140083956,Telecommunications,2,0.06890112760141415,0.034450563800707074,0.04969747934386919,TELB3,-0.04969747934386919
4,1.6543442182562562,Consumer Cyclical,5,0.16073089712378433,0.032146179424756866,0.08588173530667084,GRND3,-0.08588173530667084
4,1.6543442182562562,Financials,8,0.26989692505671736,0.03373711563208967,0.08082353749969969,ITSA3,-0.08082353749969969
4,1.6543442182562562,Consumer Non-Cyclical,1,0.006348411798269993,0.006348411798269993,0.006348411798269993,BOBR4,0.006348411798269993
4,1.6543442182562562,Basic Materials,16,0.28443883562628597,0.017777427226642873,0.06943355428171732,MGEL4,-0.06943355428171732
4,1.6543442182562562,Industrials,9,0.10610034794034767,0.01178892754892752,0.03579397821231646,CCRO3,-0.03579397821231646
4,1.6543442182562562,Utilities,13,0.25129827330614846,0.019330636408165267,0.05117030393139068,CPLE6,-0.05117030393139068
4,1.6543442182562562,Real Estate,2,0.024360153912594707,0.012180076956297354,0.01766936464005885,SCAR3,0.01766936464005885
4,1.6543442182562562,Oil Gas and Biofuels,2,0.03538720728876775,0.017693603644383875,0.017747263128827344,PETR3,-0.017747263128827344
4,1.6543442182562562,Telecommunications,2,1.3818159894297395,0.6909079947148697,0.6936104606140278,TELB3,0.6936104606140278
5,1.4835128614278588,Consumer Cyclical,5,0.8344573589421568,0.16689147178843136,0.2129228814218053,ALPA4,0.2129228814218053
5,1.4835128614278588,Financials,8,1.125366531895896,0.140670816486987,0.18779682509235437,BBDC4,0.18779682509235437
5,1.4835128614278588,Consumer Non-Cyclical,1,0.05370544050876096,0.05370544050876096,0.05370544050876096,BOBR4,0.05370544050876096
5,1.4835128614278588,Basic Materials,16,1.0056276102760662,0.06285172564225414,0.1460236344103083,BRKM3,-0.1460236344103083
5,1.4835128614278588,Industrials,9,0.6303365156371116,0.07003739062634573,0.18564750960027016,RENT3,0.18564750960027016
5,1.4835128614278588,Utilities,13,2.2388792761769447,0.1722214827828419,0.290053456231093,CMIG3,-0.290053456231093
5,1.4835128614278588,Real Estate,2,0.16575410144068925,0.08287705072034462,0.1203544258886428,CYRE3,0.1203544258886428
5,1.4835128614278588,Oil Gas and Biofuels,2,0.24270630772177582,0.12135315386088791,0.1254348706431875,PETR3,0.1254348706431875
5,1.4835128614278588,Telecommunications,2,0.08304015723324669,0.041520078616623345,0.050845872818579455,TELB4,0.050845872818579455
