eigen_rank,eigenvalue,above_mp_lambda_max,symbol,company_name,sector,subsector,segment,loading,abs_loading,loading_rank
1,21.650461852002376,True,ALPA4,ALPARGATAS,Consumer Cyclical,Apparel and Footwear,Footwear,0.11127914292684882,0.11127914292684882,41
1,21.650461852002376,True,BAZA3,BANCO DA AMAZONIA,Financials,Banks,Banks,0.0751489509604335,0.0751489509604335,52
1,21.650461852002376,True,BBAS3,BANCO DO BRASIL,Financials,Banks,Banks,0.16008461273708505,0.16008461273708505,11
1,21.650461852002376,True,BBDC3,BRADESCO,Financials,Banks,Banks,0.1675825848921313,0.1675825848921313,4
1,21.650461852002376,True,BBDC4,BRADESCO,Financials,Banks,Banks,0.16754069100386126,0.16754069100386126,5
1,21.650461852002376,True,BEES3,BANESTES,Financials,Banks,Banks,0.07740165177100472,0.07740165177100472,51
1,21.650461852002376,True,BOBR4,BOMBRIL,Consumer Non-Cyclical,Personal and Home Care,Home Care,0.07250252584911633,0.07250252584911633,53
1,21.650461852002376,True,BRAP3,BRADESPAR,Basic Materials,Mining,Holdings,0.13950405134231958,0.13950405134231958,28
1,21.650461852002376,True,BRAP4,BRADESPAR,Basic Materials,Mining,Holdings,0.15510627395351134,0.15510627395351134,15
1,21.650461852002376,True,BRKM3,BRASKEM,Basic Materials,Chemicals,Petrochemicals,0.10269673777168145,0.10269673777168145,43
1,21.650461852002376,True,BRKM5,BRASKEM,Basic Materials,Chemicals,Petrochemicals,0.1391603196187907,0.1391603196187907,30
1,21.650461852002376,True,CCRO3,CCR,Industrials,Transportation,Infrastructure,0.1465996024390086,0.1465996024390086,24
1,21.650461852002376,True,CGAS5,COMGAS,Utilities,Gas Utility,Distribution,0.07968553573043347,0.07968553573043347,50
1,21.650461852002376,True,CMIG3,CEMIG,Utilities,Electric Utility,Generation and Distribution,0.14155277982535,0.14155277982535,27
1,21.650461852002376,True,CMIG4,CEMIG,Utilities,Electric Utility,Generation and Distribution,0.1550899895320948,0.1550899895320948,16
1,21.650461852002376,True,COCE5,COELCE,Utilities,Electric Utility,Distribution,0.09094793692457435,0.09094793692457435,46
1,21.650461852002376,True,CPFE3,CPFL ENERGIA,Utilities,Electric Utility,Generation and Distribution,0.14357501963664188,0.14357501963664188,25
1,21.650461852002376,True,CPLE3,COPEL,Utilities,Electric Utility,Generation and Distribution,0.13950132569196377,0.13950132569196377,29
1,21.650461852002376,True,CPLE6,COPEL,Utilities,Electric Utility,Generation and Distribution,0.15916246323074593,0.15916246323074593,12
1,21.650461852002376,True,CSNA3,CSN,Basic Materials,Steel and Metallurgy,Steel,0.16031282649113365,0.16031282649113365,10
1,21.650461852002376,True,CTNM4,COTEMINAS,Consumer Cyclical,Textiles,Textiles,0.08027661967036306,0.08027661967036306,49
1,21.650461852002376,True,CYRE3,CYRELA,Real Estate,Real Estate,Construction,0.16158639195201077,0.16158639195201077,9
1,21.650461852002376,True,ELET3,ELETROBRAS,Utilities,Electric Utility,Generation and Transmission,0.1512064283921285,0.1512064283921285,21
1,21.650461852002376,True,ELET6,ELETROBRAS,Utilities,Electric Utility,Generation and Transmission,0.152148700790716,0.152148700790716,20
1,21.650461852002376,True,EMAE4,EMAE,Utilities,Electric Utility,Generation,0.05914971371617934,0.05914971371617934,55
1,21.650461852002376,True,EMBR3,EMBRAER,Industrials,Aerospace and Defense,Aerospace,0.12324145478813464,0.12324145478813464,34
1,21.650461852002376,True,ETER3,ETERNIT,Industrials,Construction Materials,Construction Materials,0.08770766800337389,0.08770766800337389,48
1,21.650461852002376,True,FESA4,FERBASA,Basic Materials,Steel and Metallurgy,Metallurgy,0.11248201435604062,0.11248201435604062,40
1,21.650461852002376,True,GGBR3,GERDAU,Basic Materials,Steel and Metallurgy,Steel,0.16752428679571515,0.16752428679571515,6
1,21.650461852002376,True,GGBR4,GERDAU,Basic Materials,Steel and Metallurgy,Steel,0.17134250931108902,0.17134250931108902,2
1,21.650461852002376,True,GOAU3,METALURGICA GERDAU,Basic Materials,Steel and Metallurgy,Holdings,0.16429440934424927,0.16429440934424927,8
1,21.650461852002376,True,GOAU4,METALURGICA GERDAU,Basic Materials,Steel and Metallurgy,Holdings,0.17426385285520893,0.17426385285520893,1
1,21.650461852002376,True,GRND3,GRENDENE,Consumer Cyclical,Apparel and Footwear,Footwear,0.11641439689411326,0.11641439689411326,37
1,21.650461852002376,True,GUAR3,GUARARAPES,Consumer Cyclical,Retail,Apparel,0.1269607066746018,0.1269607066746018,32
1,21.650461852002376,True,ITSA3,ITAUSA,Financials,Financial Services,Holdings,0.11045446211792426,0.11045446211792426,42
1,21.650461852002376,True,ITSA4,ITAUSA,Financials,Financial Services,Holdings,0.16938921154246409,0.16938921154246409,3
1,21.650461852002376,True,KEPL3,KEPLER WEBER,Industrials,Machinery and Equipment,Agricultural,0.055983954382469094,0.055983954382469094,56
1,21.650461852002376,True,KLBN4,KLABIN,Basic Materials,Paper and Cellulose,Paper and Cellulose,0.11692746744764979,0.11692746744764979,36
1,21.650461852002376,True,LREN3,LOJAS RENNER,Consumer Cyclical,Retail,Apparel,0.14788741680015655,0.14788741680015655,23
1,21.650461852002376,True,MGEL4,MANGELS,Basic Materials,Steel and Metallurgy,Metallurgy,0.05968325994740017,0.05968325994740017,54
1,21.650461852002376,True,PETR3,PETROBRAS,Oil Gas and Biofuels,Oil Gas and Biofuels,Exploration Refining and Distribution,0.15853440995179946,0.15853440995179946,13
1,21.650461852002376,True,PETR4,PETROBRAS,Oil Gas and Biofuels,Oil Gas and Biofuels,Exploration Refining and Distribution,0.15848309562096338,0.15848309562096338,14
1,21.650461852002376,True,POMO4,MARCOPOLO,Industrials,Transportation Equipment,Commercial Vehicles,0.13711690228540407,0.13711690228540407,31
1,21.650461852002376,True,PSSA3,PORTO SEGURO,Financials,Insurance,Insurance,0.11606648820870834,0.11606648820870834,38
1,21.650461852002376,True,RAPT4,RANDON,Industrials,Transportation Equipment,Auto Parts,0.15482476579478846,0.15482476579478846,18
1,21.650461852002376,True,RENT3,LOCALIZA,Industrials,Transportation,Rent a Car,0.14267123056330233,0.14267123056330233,26
1,21.650461852002376,True,ROMI3,INDS ROMI,Industrials,Machinery and Equipment,Industrial Machinery,0.09951317282912935,0.09951317282912935,45
1,21.650461852002376,True,SAPR4,SANEPAR,Utilities,Water and Sanitation,Water and Sanitation,0.11478965550923279,0.11478965550923279,39
1,21.650461852002376,True,SBSP3,SABESP,Utilities,Water and Sanitation,Water and Sanitation,0.14929575945173273,0.14929575945173273,22
1,21.650461852002376,True,SCAR3,SAO CARLOS,Real Estate,Real Estate,Commercial Properties,0.100852897723059,0.100852897723059,44
1,21.650461852002376,True,SHUL4,SCHULZ,Industrials,Machinery and Equipment,Industrial Machinery,0.09090303213864216,0.09090303213864216,47
1,21.650461852002376,True,TELB3,TELEBRAS,Telecommunications,Telecommunications,Telecommunications,0.03693660155970099,0.03693660155970099,58
1,21.650461852002376,True,TELB4,TELEBRAS,Telecommunications,Telecommunications,Telecommunications,0.04404920293714944,0.04404920293714944,57
1,21.650461852002376,True,TRPL4,ISA CTEEP,Utilities,Electric Utility,Transmission,0.12148485062694596,0.12148485062694596,35
1,21.650461852002376,True,UNIP6,UNIPAR,Basic Materials,Chemicals,Chemicals,0.12490289544402822,0.12490289544402822,33
1,21.650461852002376,True,USIM3,USIMINAS,Basic Materials,Steel and Metallurgy,Steel,0.15353255378998618,0.15353255378998618,19
1,21.650461852002376,True,USIM5,USIMINAS,Basic Materials,Steel and Metallurgy,Steel,0.164766180829895,0.164766180829895,7
1,21.650461852002376,True,VALE3,VALE,Basic Materials,Mining,Minerals,0.1548483772031091,0.1548483772031091,17
2,3.09565032761159,True,ALPA4,ALPARGATAS,Consumer Cyclical,Apparel and Footwear,Footwear,0.1350569249738009,0.1350569249738009,21
2,3.09565032761159,True,BAZA3,BANCO DA AMAZONIA,Financials,Banks,Banks,-0.015213852124073876,0.015213852124073876,53
2,3.09565032761159,True,BBAS3,BANCO DO BRASIL,Financials,Banks,Banks,0.04886728192514542,0.04886728192514542,37
2,3.09565032761159,True,BBDC3,BRADESCO,Financials,Banks,Banks,0.04848966211584338,0.04848966211584338,38
2,3.09565032761159,True,BBDC4,BRADESCO,Financials,Banks,Banks,0.04977221784898475,0.04977221784898475,36
2,3.09565032761159,True,BEES3,BANESTES,Financials,Banks,Banks,0.0046327479085787856,0.0046327479085787856,57
2,3.09565032761159,True,BOBR4,BOMBRIL,Consumer Non-Cyclical,Personal and Home Care,Home Care,0.03218767004747319,0.03218767004747319,47
2,3.09565032761159,True,BRAP3,BRADESPAR,Basic Materials,Mining,Holdings,-0.25066165515440747,0.25066165515440747,3
2,3.09565032761159,True,BRAP4,BRADESPAR,Basic Materials,Mining,Holdings,-0.283127407641685,0.283127407641685,2
2,3.09565032761159,True,BRKM3,BRASKEM,Basic Materials,Chemicals,Petrochemicals,-0.0013610712835051238,0.0013610712835051238,58
2,3.09565032761159,True,BRKM5,BRASKEM,Basic Materials,Chemicals,Petrochemicals,-0.005608210724159704,0.005608210724159704,56
2,3.09565032761159,True,CCRO3,CCR,Industrials,Transportation,Infrastructure,0.12642578348758998,0.12642578348758998,24
2,3.09565032761159,True,CGAS5,COMGAS,Utilities,Gas Utility,Distribution,0.04747719020913069,0.04747719020913069,40
2,3.09565032761159,True,CMIG3,CEMIG,Utilities,Electric Utility,Generation and Distribution,0.15901401106496016,0.15901401106496016,14
2,3.09565032761159,True,CMIG4,CEMIG,Utilities,Electric Utility,Generation and Distribution,0.16923109545257936,0.16923109545257936,12
2,3.09565032761159,True,COCE5,COELCE,Utilities,Electric Utility,Distribution,0.0692671519845754,0.0692671519845754,33
2,3.09565032761159,True,CPFE3,CPFL ENERGIA,Utilities,Electric Utility,Generation and Distribution,0.14698435542174304,0.14698435542174304,19
2,3.09565032761159,True,CPLE3,COPEL,Utilities,Electric Utility,Generation and Distribution,0.16199635545673444,0.16199635545673444,13
2,3.09565032761159,True,CPLE6,COPEL,Utilities,Electric Utility,Generation and Distribution,0.13522460103898148,0.13522460103898148,20
2,3.09565032761159,True,CSNA3,CSN,Basic Materials,Steel and Metallurgy,Steel,-0.2299053748273389,0.2299053748273389,7
2,3.09565032761159,True,CTNM4,COTEMINAS,Consumer Cyclical,Textiles,Textiles,0.045192916488470014,0.045192916488470014,42
2,3.09565032761159,True,CYRE3,CYRELA,Real Estate,Real Estate,Construction,0.10692130625003018,0.10692130625003018,26
2,3.09565032761159,True,ELET3,ELETROBRAS,Utilities,Electric Utility,Generation and Transmission,0.15512413275066553,0.15512413275066553,16
2,3.09565032761159,True,ELET6,ELETROBRAS,Utilities,Electric Utility,Generation and Transmission,0.15168823234589943,0.15168823234589943,18
2,3.09565032761159,True,EMAE4,EMAE,Utilities,Electric Utility,Generation,0.02453531743279306,0.02453531743279306,49
2,3.09565032761159,True,EMBR3,EMBRAER,Industrials,Aerospace and Defense,Aerospace,0.02119125178025111,0.02119125178025111,50
2,3.09565032761159,True,ETER3,ETERNIT,Industrials,Construction Materials,Construction Materials,0.04551193702642579,0.04551193702642579,41
2,3.09565032761159,True,FESA4,FERBASA,Basic Materials,Steel and Metallurgy,Metallurgy,-0.13494450410990663,0.13494450410990663,22
2,3.09565032761159,True,GGBR3,GERDAU,Basic Materials,Steel and Metallurgy,Steel,-0.23874268989066533,0.23874268989066533,5
2,3.09565032761159,True,GGBR4,GERDAU,Basic Materials,Steel and Metallurgy,Steel,-0.2487340219605438,0.2487340219605438,4
2,3.09565032761159,True,GOAU3,METALURGICA GERDAU,Basic Materials,Steel and Metallurgy,Holdings,-0.21111585727976767,0.21111585727976767,9
2,3.09565032761159,True,GOAU4,METALURGICA GERDAU,Basic Materials,Steel and Metallurgy,Holdings,-0.23206355808589585,0.23206355808589585,6
2,3.09565032761159,True,GRND3,GRENDENE,Consumer Cyclical,Apparel and Footwear,Footwear,0.15715791449798377,0.15715791449798377,15
2,3.09565032761159,True,GUAR3,GUARARAPES,Consumer Cyclical,Retail,Apparel,0.15353319823117664,0.15353319823117664,17
2,3.09565032761159,True,ITSA3,ITAUSA,Financials,Financial Services,Holdings,0.04438945409039549,0.04438945409039549,43
2,3.09565032761159,True,ITSA4,ITAUSA,Financials,Financial Services,Holdings,0.03774264326080963,0.03774264326080963,45
2,3.09565032761159,True,KEPL3,KEPLER WEBER,Industrials,Machinery and Equipment,Agricultural,0.042269905193261854,0.042269905193261854,44
2,3.09565032761159,True,KLBN4,KLABIN,Basic Materials,Paper and Cellulose,Paper and Cellulose,-0.11081264651629782,0.11081264651629782,25
2,3.09565032761159,True,LREN3,LOJAS RENNER,Consumer Cyclical,Retail,Apparel,0.13132214357941793,0.13132214357941793,23
2,3.09565032761159,True,MGEL4,MANGELS,Basic Materials,Steel and Metallurgy,Metallurgy,0.015854943731062505,0.015854943731062505,52
2,3.09565032761159,True,PETR3,PETROBRAS,Oil Gas and Biofuels,Oil Gas and Biofuels,Exploration Refining and Distribution,-0.0549902657824192,0.0549902657824192,35
2,3.09565032761159,True,PETR4,PETROBRAS,Oil Gas and Biofuels,Oil Gas and Biofuels,Exploration Refining and Distribution,-0.04791072968059102,0.04791072968059102,39
2,3.09565032761159,True,POMO4,MARCOPOLO,Industrials,Transportation Equipment,Commercial Vehicles,0.08051392500055914,0.08051392500055914,29
2,3.09565032761159,True,PSSA3,PORTO SEGURO,Financials,Insurance,Insurance,0.062367079923203395,0.062367079923203395,34
2,3.09565032761159,True,RAPT4,RANDON,Industrials,Transportation Equipment,Auto Parts,0.07566762381281726,0.07566762381281726,31
2,3.09565032761159,True,RENT3,LOCALIZA,Industrials,Transportation,Rent a Car,0.07598721570227435,0.07598721570227435,30
2,3.09565032761159,True,ROMI3,INDS ROMI,Industrials,Machinery and Equipment,Industrial Machinery,0.0324347274666351,0.0324347274666351,46
2,3.09565032761159,True,SAPR4,SANEPAR,Utilities,Water and Sanitation,Water and Sanitation,0.17466261024266316,0.17466261024266316,11
2,3.09565032761159,True,SBSP3,SABESP,Utilities,Water and Sanitation,Water and Sanitation,0.10190658230782873,0.10190658230782873,27
2,3.09565032761159,True,SCAR3,SAO CARLOS,Real Estate,Real Estate,Commercial Properties,0.00653363685255303,0.00653363685255303,55
2,3.09565032761159,True,SHUL4,SCHULZ,Industrials,Machinery and Equipment,Industrial Machinery,0.07507671671702519,0.07507671671702519,32
2,3.09565032761159,True,TELB3,TELEBRAS,Telecommunications,Telecommunications,Telecommunications,0.025357572385856772,0.025357572385856772,48
2,3.09565032761159,True,TELB4,TELEBRAS,Telecommunications,Telecommunications,Telecommunications,0.02108935461122103,0.02108935461122103,51
2,3.09565032761159,True,TRPL4,ISA CTEEP,Utilities,Electric Utility,Transmission,0.09092495067259133,0.09092495067259133,28
2,3.09565032761159,True,UNIP6,UNIPAR,Basic Materials,Chemicals,Chemicals,-0.009754640861398637,0.009754640861398637,54
2,3.09565032761159,True,USIM3,USIMINAS,Basic Materials,Steel and Metallurgy,Steel,-0.20540118516907474,0.20540118516907474,10
2,3.09565032761159,True,USIM5,USIMINAS,Basic Materials,Steel and Metallurgy,Steel,-0.21274026935604412,0.21274026935604412,8
2,3.09565032761159,True,VALE3,VALE,Basic Materials,Mining,Minerals,-0.28313829687043235,0.28313829687043235,1
3,1.7838761140083956,True,ALPA4,ALPARGATAS,Consumer Cyclical,Apparel and Footwear,Footwear,0.2089445777930162,0.2089445777930162,8
3,1.7838761140083956,True,BAZA3,BANCO DA AMAZONIA,Financials,Banks,Banks,-0.10755498169324891,0.10755498169324891,24
3,1.7838761140083956,True,BBAS3,BANCO DO BRASIL,Financials,Banks,Banks,-0.25448258677542124,0.25448258677542124,6
3,1.7838761140083956,True,BBDC3,BRADESCO,Financials,Banks,Banks,-0.26891819752060875,0.26891819752060875,4
3,1.7838761140083956,True,BBDC4,BRADESCO,Financials,Banks,Banks,-0.27349282666161434,0.27349282666161434,3
3,1.7838761140083956,True,BEES3,BANESTES,Financials,Banks,Banks,-0.045891806297790806,0.045891806297790806,45
3,1.7838761140083956,True,BOBR4,BOMBRIL,Consumer Non-Cyclical,Personal and Home Care,Home Care,0.1271392111799451,0.1271392111799451,20
3,1.7838761140083956,True,BRAP3,BRADESPAR,Basic Materials,Mining,Holdings,-0.009406826621790208,0.009406826621790208,57
3,1.7838761140083956,True,BRAP4,BRADESPAR,Basic Materials,Mining,Holdings,-0.059397289498862506,0.059397289498862506,37
3,1.7838761140083956,True,BRKM3,BRASKEM,Basic Materials,Chemicals,Petrochemicals,0.21314447635178072,0.21314447635178072,7
3,1.7838761140083956,True,BRKM5,BRASKEM,Basic Materials,Chemicals,Petrochemicals,0.13376664037719152,0.13376664037719152,18
3,1.7838761140083956,True,CCRO3,CCR,Industrials,Transportation,Infrastructure,-0.043966796291792114,0.043966796291792114,47
3,1.7838761140083956,True,CGAS5,COMGAS,Utilities,Gas Utility,Distribution,0.11898026898042881,0.11898026898042881,21
3,1.7838761140083956,True,CMIG3,CEMIG,Utilities,Electric Utility,Generation and Distribution,-0.055050067946245895,0.055050067946245895,39
3,1.7838761140083956,True,CMIG4,CEMIG,Utilities,Electric Utility,Generation and Distribution,-0.110727843183999,0.110727843183999,23
3,1.7838761140083956,True,COCE5,COELCE,Utilities,Electric Utility,Distribution,0.0014839832609589254,0.0014839832609589254,58
3,1.7838761140083956,True,CPFE3,CPFL ENERGIA,Utilities,Electric Utility,Generation and Distribution,-0.059554639874194314,0.059554639874194314,36
3,1.7838761140083956,True,CPLE3,COPEL,Utilities,Electric Utility,Generation and Distribution,-0.0203905904688189,0.0203905904688189,54
3,1.7838761140083956,True,CPLE6,COPEL,Utilities,Electric Utility,Generation and Distribution,-0.07284925509288788,0.07284925509288788,29
3,1.7838761140083956,True,CSNA3,CSN,Basic Materials,Steel and Metallurgy,Steel,0.028726866704234775,0.028726866704234775,51
3,1.7838761140083956,True,CTNM4,COTEMINAS,Consumer Cyclical,Textiles,Textiles,0.17761074863352413,0.17761074863352413,12
3,1.7838761140083956,True,CYRE3,CYRELA,Real Estate,Real Estate,Construction,0.011942528303096393,0.011942528303096393,56
3,1.7838761140083956,True,ELET3,ELETROBRAS,Utilities,Electric Utility,Generation and Transmission,-0.0814552643691488,0.0814552643691488,27
3,1.7838761140083956,True,ELET6,ELETROBRAS,Utilities,Electric Utility,Generation and Transmission,-0.0893686045665563,0.0893686045665563,26
3,1.7838761140083956,True,EMAE4,EMAE,Utilities,Electric Utility,Generation,0.19223675880986585,0.19223675880986585,11
3,1.7838761140083956,True,EMBR3,EMBRAER,Industrials,Aerospace and Defense,Aerospace,0.053973910484722526,0.053973910484722526,40
3,1.7838761140083956,True,ETER3,ETERNIT,Industrials,Construction Materials,Construction Materials,0.19964947803439004,0.19964947803439004,10
3,1.7838761140083956,True,FESA4,FERBASA,Basic Materials,Steel and Metallurgy,Metallurgy,0.14393765906309922,0.14393765906309922,15
3,1.7838761140083956,True,GGBR3,GERDAU,Basic Materials,Steel and Metallurgy,Steel,0.04143966696711514,0.04143966696711514,48
3,1.7838761140083956,True,GGBR4,GERDAU,Basic Materials,Steel and Metallurgy,Steel,0.027766332079930692,0.027766332079930692,52
3,1.7838761140083956,True,GOAU3,METALURGICA GERDAU,Basic Materials,Steel and Metallurgy,Holdings,0.07069343508254479,0.07069343508254479,31
3,1.7838761140083956,True,GOAU4,METALURGICA GERDAU,Basic Materials,Steel and Metallurgy,Holdings,0.0364435092250888,0.0364435092250888,50
3,1.7838761140083956,True,GRND3,GRENDENE,Consumer Cyclical,Apparel and Footwear,Footwear,0.11591521924083983,0.11591521924083983,22
3,1.7838761140083956,True,GUAR3,GUARARAPES,Consumer Cyclical,Retail,Apparel,0.20393301248677476,0.20393301248677476,9
3,1.7838761140083956,True,ITSA3,ITAUSA,Financials,Financial Services,Holdings,-0.13088740477262456,0.13088740477262456,19
3,1.7838761140083956,True,ITSA4,ITAUSA,Financials,Financial Services,Holdings,-0.2622915131832707,0.2622915131832707,5
3,1.7838761140083956,True,KEPL3,KEPLER WEBER,Industrials,Machinery and Equipment,Agricultural,0.08022438714640219,0.08022438714640219,28
3,1.7838761140083956,True,KLBN4,KLABIN,Basic Materials,Paper and Cellulose,Paper and Cellulose,0.022893854720940236,0.022893854720940236,53
3,1.7838761140083956,True,LREN3,LOJAS RENNER,Consumer Cyclical,Retail,Apparel,0.045586424749294335,0.045586424749294335,46
3,1.7838761140083956,True,MGEL4,MANGELS,Basic Materials,Steel and Metallurgy,Metallurgy,0.06844903527881636,0.06844903527881636,33
3,1.7838761140083956,True,PETR3,PETROBRAS,Oil Gas and Biofuels,Oil Gas and Biofuels,Exploration Refining and Distribution,-0.15158909342775206,0.15158909342775206,13
3,1.7838761140083956,True,PETR4,PETROBRAS,Oil Gas and Biofuels,Oil Gas and Biofuels,Exploration Refining and Distribution,-0.1513207551976604,0.1513207551976604,14
3,1.7838761140083956,True,POMO4,MARCOPOLO,Industrials,Transportation Equipment,Commercial Vehicles,0.10548596536391984,0.10548596536391984,25
3,1.7838761140083956,True,PSSA3,PORTO SEGURO,Financials,Insurance,Insurance,-0.05534160053609036,0.05534160053609036,38
3,1.7838761140083956,True,RAPT4,RANDON,Industrials,Transportation Equipment,Auto Parts,0.1345077855499582,0.1345077855499582,17
3,1.7838761140083956,True,RENT3,LOCALIZA,Industrials,Transportation,Rent a Car,0.06823736736546787,0.06823736736546787,34
3,1.7838761140083956,True,ROMI3,INDS ROMI,Industrials,Machinery and Equipment,Industrial Machinery,0.2922217213255465,0.2922217213255465,1
3,1.7838761140083956,True,SAPR4,SANEPAR,Utilities,Water and Sanitation,Water and Sanitation,0.06285255716134454,0.06285255716134454,35
3,1.7838761140083956,True,SBSP3,SABESP,Utilities,Water and Sanitation,Water and Sanitation,-0.07117941540684825,0.07117941540684825,30
3,1.7838761140083956,True,SCAR3,SAO CARLOS,Real Estate,Real Estate,Commercial Properties,-0.03738496099611637,0.03738496099611637,49
3,1.7838761140083956,True,SHUL4,SCHULZ,Industrials,Machinery and Equipment,Industrial Machinery,0.2902936796249853,0.2902936796249853,2
3,1.7838761140083956,True,TELB3,TELEBRAS,Telecommunications,Telecommunications,Telecommunications,-0.04969747934386919,0.04969747934386919,42
3,1.7838761140083956,True,TELB4,TELEBRAS,Telecommunications,Telecommunications,Telecommunications,-0.019203648257544947,0.019203648257544947,55
3,1.7838761140083956,True,TRPL4,ISA CTEEP,Utilities,Electric Utility,Transmission,-0.05336055618445575,0.05336055618445575,41
3,1.7838761140083956,True,UNIP6,UNIPAR,Basic Materials,Chemicals,Chemicals,0.1352509513397859,0.1352509513397859,16
3,1.7838761140083956,True,USIM3,USIMINAS,Basic Materials,Steel and Metallurgy,Steel,0.04590101876907504,0.04590101876907504,44
3,1.7838761140083956,True,USIM5,USIMINAS,Basic Materials,Steel and Metallurgy,Steel,0.047512540322008016,0.047512540322008016,43
3,1.7838761140083956,True,VALE3,VALE,Basic Materials,Mining,Minerals,-0.06873477898641919,0.06873477898641919,32
4,1.6543442182562562,True,ALPA4,ALPARGATAS,Consumer Cyclical,Apparel and Footwear,Footwear,0.00860572031865806,0.00860572031865806,40
4,1.6543442182562562,True,BAZA3,BANCO DA AMAZONIA,Financials,Banks,Banks,0.029679089151313495,0.029679089151313495,15
4,1.6543442182562562,True,BBAS3,BANCO DO BRASIL,Financials,Banks,Banks,-0.0214238150210389,0.0214238150210389,21
4,1.6543442182562562,True,BBDC3,BRADESCO,Financials,Banks,Banks,-0.04666714482048556,0.04666714482048556,9
4,1.6543442182562562,True,BBDC4,BRADESCO,Financials,Banks,Banks,-0.04187888013569559,0.04187888013569559,11
4,1.6543442182562562,True,BEES3,BANESTES,Financials,Banks,Banks,0.003842693297912744,0.003842693297912744,49
4,1.6543442182562562,True,BOBR4,BOMBRIL,Consumer Non-Cyclical,Personal and Home Care,Home Care,0.006348411798269993,0.006348411798269993,46
4,1.6543442182562562,True,BRAP3,BRADESPAR,Basic Materials,Mining,Holdings,-0.03756257959101861,0.03756257959101861,12
4,1.6543442182562562,True,BRAP4,BRADESPAR,Basic Materials,Mining,Holdings,0.001766208966213308,0.001766208966213308,55
4,1.6543442182562562,True,BRKM3,BRASKEM,Basic Materials,Chemicals,Petrochemicals,-0.012659440144682562,0.012659440144682562,30
4,1.6543442182562562,True,BRKM5,BRASKEM,Basic Materials,Chemicals,Petrochemicals,-0.005713917099037172,0.005713917099037172,47
4,1.6543442182562562,True,CCRO3,CCR,Industrials,Transportation,Infrastructure,-0.03579397821231646,0.03579397821231646,13
4,1.6543442182562562,True,CGAS5,COMGAS,Utilities,Gas Utility,Distribution,0.025058416506251385,0.025058416506251385,17
4,1.6543442182562562,True,CMIG3,CEMIG,Utilities,Electric Utility,Generation and Distribution,0.011577412052957842,0.011577412052957842,32
4,1.6543442182562562,True,CMIG4,CEMIG,Utilities,Electric Utility,Generation and Distribution,0.0020736769991035434,0.0020736769991035434,54
4,1.6543442182562562,True,COCE5,COELCE,Utilities,Electric Utility,Distribution,0.02227627101520374,0.02227627101520374,20
4,1.6543442182562562,True,CPFE3,CPFL ENERGIA,Utilities,Electric Utility,Generation and Distribution,-0.0077554491008377515,0.0077554491008377515,43
4,1.6543442182562562,True,CPLE3,COPEL,Utilities,Electric Utility,Generation and Distribution,-0.024730381201911185,0.024730381201911185,18
4,1.6543442182562562,True,CPLE6,COPEL,Utilities,Electric Utility,Generation and Distribution,-0.05117030393139068,0.05117030393139068,8
4,1.6543442182562562,True,CSNA3,CSN,Basic Materials,Steel and Metallurgy,Steel,0.0006288914633143178,0.0006288914633143178,57
4,1.6543442182562562,True,CTNM4,COTEMINAS,Consumer Cyclical,Textiles,Textiles,-0.05135061971030877,0.05135061971030877,7
4,1.6543442182562562,True,CYRE3,CYRELA,Real Estate,Real Estate,Construction,-0.006690789272535858,0.006690789272535858,44
4,1.6543442182562562,True,ELET3,ELETROBRAS,Utilities,Electric Utility,Generation and Transmission,-0.017627412145391347,0.017627412145391347,26
4,1.6543442182562562,True,ELET6,ELETROBRAS,Utilities,Electric Utility,Generation and Transmission,-0.006410808944916697,0.006410808944916697,45
4,1.6543442182562562,True,EMAE4,EMAE,Utilities,Electric Utility,Generation,-0.022667793275863022,0.022667793275863022,19
4,1.6543442182562562,True,EMBR3,EMBRAER,Industrials,Aerospace and Defense,Aerospace,0.009847813742948306,0.009847813742948306,38
4,1.6543442182562562,True,ETER3,ETERNIT,Industrials,Construction Materials,Construction Materials,0.01506579906423307,0.01506579906423307,28
4,1.6543442182562562,True,FESA4,FERBASA,Basic Materials,Steel and Metallurgy,Metallurgy,0.05465233954279953,0.05465233954279953,6
4,1.6543442182562562,True,GGBR3,GERDAU,Basic Materials,Steel and Metallurgy,Steel,-0.015258106246388738,0.015258106246388738,27
4,1.6543442182562562,True,GGBR4,GERDAU,Basic Materials,Steel and Metallurgy,Steel,-0.003213678086725201,0.003213678086725201,50
4,1.6543442182562562,True,GOAU3,METALURGICA GERDAU,Basic Materials,Steel and Metallurgy,Holdings,-0.0004420658358751593,0.0004420658358751593,58
4,1.6543442182562562,True,GOAU4,METALURGICA GERDAU,Basic Materials,Steel and Metallurgy,Holdings,-0.011438411053626661,0.011438411053626661,33
4,1.6543442182562562,True,GRND3,GRENDENE,Consumer Cyclical,Apparel and Footwear,Footwear,-0.08588173530667084,0.08588173530667084,3
4,1.6543442182562562,True,GUAR3,GUARARAPES,Consumer Cyclical,Retail,Apparel,0.0028802799405674637,0.0028802799405674637,52
4,1.6543442182562562,True,ITSA3,ITAUSA,Financials,Financial Services,Holdings,-0.08082353749969969,0.08082353749969969,4
4,1.6543442182562562,True,ITSA4,ITAUSA,Financials,Financial Services,Holdings,-0.03524280578119639,0.03524280578119639,14
4,1.6543442182562562,True,KEPL3,KEPLER WEBER,Industrials,Machinery and Equipment,Agricultural,0.012832009609047424,0.012832009609047424,29
4,1.6543442182562562,True,KLBN4,KLABIN,Basic Materials,Paper and Cellulose,Paper and Cellulose,0.044770846941260885,0.044770846941260885,10
4,1.6543442182562562,True,LREN3,LOJAS RENNER,Consumer Cyclical,Retail,Apparel,0.012012541847579182,0.012012541847579182,31
4,1.6543442182562562,True,MGEL4,MANGELS,Basic Materials,Steel and Metallurgy,Metallurgy,-0.06943355428171732,0.06943355428171732,5
4,1.6543442182562562,True,PETR3,PETROBRAS,Oil Gas and Biofuels,Oil Gas and Biofuels,Exploration Refining and Distribution,-0.017747263128827344,0.017747263128827344,23
4,1.6543442182562562,True,PETR4,PETROBRAS,Oil Gas and Biofuels,Oil Gas and Biofuels,Exploration Refining and Distribution,-0.01763994415994041,0.01763994415994041,25
4,1.6543442182562562,True,POMO4,MARCOPOLO,Industrials,Transportation Equipment,Commercial Vehicles,0.0006719398222476508,0.0006719398222476508,56
4,1.6543442182562562,True,PSSA3,PORTO SEGURO,Financials,Insurance,Insurance,-0.010338959349374966,0.010338959349374966,37
4,1.6543442182562562,True,RAPT4,RANDON,Industrials,Transportation Equipment,Auto Parts,-0.009792532425655875,0.009792532425655875,39
4,1.6543442182562562,True,RENT3,LOCALIZA,Industrials,Transportation,Rent a Car,-0.010973735311693373,0.010973735311693373,34
4,1.6543442182562562,True,ROMI3,INDS ROMI,Industrials,Machinery and Equipment,Industrial Machinery,0.002931636891964611,0.002931636891964611,51
4,1.6543442182562562,True,SAPR4,SANEPAR,Utilities,Water and Sanitation,Water and Sanitation,0.02018147609085502,0.02018147609085502,22
4,1.6543442182562562,True,SBSP3,SABESP,Utilities,Water and Sanitation,Water and Sanitation,0.028800975257576876,0.028800975257576876,16
4,1.6543442182562562,True,SCAR3,SAO CARLOS,Real Estate,Real Estate,Commercial Properties,0.01766936464005885,0.01766936464005885,24
4,1.6543442182562562,True,SHUL4,SCHULZ,Industrials,Machinery and Equipment,Industrial Machinery,0.008190902860240906,0.008190902860240906,41
4,1.6543442182562562,True,TELB3,TELEBRAS,Telecommunications,Telecommunications,Telecommunications,0.6936104606140278,0.6936104606140278,1
4,1.6543442182562562,True,TELB4,TELEBRAS,Telecommunications,Telecommunications,Telecommunications,0.6882055288157118,0.6882055288157118,2
4,1.6543442182562562,True,TRPL4,ISA CTEEP,Utilities,Electric Utility,Transmission,0.01096789678388935,0.01096789678388935,35
4,1.6543442182562562,True,UNIP6,UNIPAR,Basic Materials,Chemicals,Chemicals,0.007912080399684095,0.007912080399684095,42
4,1.6543442182562562,True,USIM3,USIMINAS,Basic Materials,Steel and Metallurgy,Steel,0.010731769714446709,0.010731769714446709,36
4,1.6543442182562562,True,USIM5,USIMINAS,Basic Materials,Steel and Metallurgy,Steel,0.005549579164217707,0.005549579164217707,48
4,1.6543442182562562,True,VALE3,VALE,Basic Materials,Mining,Minerals,0.0027053670952779884,0.0027053670952779884,53
5,1.4835128614278588,True,ALPA4,ALPARGATAS,Consumer Cyclical,Apparel and Footwear,Footwear,0.2129228814218053,0.2129228814218053,5
5,1.4835128614278588,True,BAZA3,BANCO DA AMAZONIA,Financials,Banks,Banks,0.07099853304744597,0.07099853304744597,37
5,1.4835128614278588,True,BBAS3,BANCO DO BRASIL,Financials,Banks,Banks,0.13183693806981628,0.13183693806981628,21
5,1.4835128614278588,True,BBDC3,BRADESCO,Financials,Banks,Banks,0.17419037976541152,0.17419037976541152,14
5,1.4835128614278588,True,BBDC4,BRADESCO,Financials,Banks,Banks,0.18779682509235437,0.18779682509235437,10
5,1.4835128614278588,True,BEES3,BANESTES,Financials,Banks,Banks,0.05717079405058652,0.05717079405058652,41
5,1.4835128614278588,True,BOBR4,BOMBRIL,Consumer Non-Cyclical,Personal and Home Care,Home Care,0.05370544050876096,0.05370544050876096,43
5,1.4835128614278588,True,BRAP3,BRADESPAR,Basic Materials,Mining,Holdings,0.030439550950881713,0.030439550950881713,49
5,1.4835128614278588,True,BRAP4,BRADESPAR,Basic Materials,Mining,Holdings,0.016880953599609543,0.016880953599609543,56
5,1.4835128614278588,True,BRKM3,BRASKEM,Basic Materials,Chemicals,Petrochemicals,-0.1460236344103083,0.1460236344103083,19
5,1.4835128614278588,True,BRKM5,BRASKEM,Basic Materials,Chemicals,Petrochemicals,-0.12300373731916626,0.12300373731916626,24
5,1.4835128614278588,True,CCRO3,CCR,Industrials,Transportation,Infrastructure,0.06465973016456368,0.06465973016456368,38
5,1.4835128614278588,True,CGAS5,COMGAS,Utilities,Gas Utility,Distribution,0.03457005444231948,0.03457005444231948,47
5,1.4835128614278588,True,CMIG3,CEMIG,Utilities,Electric Utility,Generation and Distribution,-0.290053456231093,0.290053456231093,1
5,1.4835128614278588,True,CMIG4,CEMIG,Utilities,Electric Utility,Generation and Distribution,-0.2577369032197725,0.2577369032197725,2
5,1.4835128614278588,True,COCE5,COELCE,Utilities,Electric Utility,Distribution,-0.13803586016762354,0.13803586016762354,20
5,1.4835128614278588,True,CPFE3,CPFL ENERGIA,Utilities,Electric Utility,Generation and Distribution,-0.19540354697926546,0.19540354697926546,8
5,1.4835128614278588,True,CPLE3,COPEL,Utilities,Electric Utility,Generation and Distribution,-0.22654942220744786,0.22654942220744786,4
5,1.4835128614278588,True,CPLE6,COPEL,Utilities,Electric Utility,Generation and Distribution,-0.25023116903080805,0.25023116903080805,3
5,1.4835128614278588,True,CSNA3,CSN,Basic Materials,Steel and Metallurgy,Steel,-0.050918168322869835,0.050918168322869835,44
5,1.4835128614278588,True,CTNM4,COTEMINAS,Consumer Cyclical,Textiles,Textiles,0.0986322348668751,0.0986322348668751,29
5,1.4835128614278588,True,CYRE3,CYRELA,Real Estate,Real Estate,Construction,0.1203544258886428,0.1203544258886428,25
5,1.4835128614278588,True,ELET3,ELETROBRAS,Utilities,Electric Utility,Generation and Transmission,-0.198826629004308,0.198826629004308,7
5,1.4835128614278588,True,ELET6,ELETROBRAS,Utilities,Electric Utility,Generation and Transmission,-0.2087643117795997,0.2087643117795997,6
5,1.4835128614278588,True,EMAE4,EMAE,Utilities,Electric Utility,Generation,0.021362541332089428,0.021362541332089428,53
5,1.4835128614278588,True,EMBR3,EMBRAER,Industrials,Aerospace and Defense,Aerospace,0.058628145768084484,0.058628145768084484,40
5,1.4835128614278588,True,ETER3,ETERNIT,Industrials,Construction Materials,Construction Materials,0.08213806323057159,0.08213806323057159,35
5,1.4835128614278588,True,FESA4,FERBASA,Basic Materials,Steel and Metallurgy,Metallurgy,-0.01951036389241394,0.01951036389241394,55
5,1.4835128614278588,True,GGBR3,GERDAU,Basic Materials,Steel and Metallurgy,Steel,-0.06009778404066988,0.06009778404066988,39
5,1.4835128614278588,True,GGBR4,GERDAU,Basic Materials,Steel and Metallurgy,Steel,-0.0716130156617997,0.0716130156617997,36
5,1.4835128614278588,True,GOAU3,METALURGICA GERDAU,Basic Materials,Steel and Metallurgy,Holdings,-0.05691067124287342,0.05691067124287342,42
5,1.4835128614278588,True,GOAU4,METALURGICA GERDAU,Basic Materials,Steel and Metallurgy,Holdings,-0.0917094376759601,0.0917094376759601,33
5,1.4835128614278588,True,GRND3,GRENDENE,Consumer Cyclical,Apparel and Footwear,Footwear,0.18973467237571584,0.18973467237571584,9
5,1.4835128614278588,True,GUAR3,GUARARAPES,Consumer Cyclical,Retail,Apparel,0.16461498596176172,0.16461498596176172,17
5,1.4835128614278588,True,ITSA3,ITAUSA,Financials,Financial Services,Holdings,0.1715865663164657,0.1715865663164657,15
5,1.4835128614278588,True,ITSA4,ITAUSA,Financials,Financial Services,Holdings,0.15119347319498502,0.15119347319498502,18
5,1.4835128614278588,True,KEPL3,KEPLER WEBER,Industrials,Machinery and Equipment,Agricultural,0.0014266063800214455,0.0014266063800214455,58
5,1.4835128614278588,True,KLBN4,KLABIN,Basic Materials,Paper and Cellulose,Paper and Cellulose,-0.006444198305325807,0.006444198305325807,57
5,1.4835128614278588,True,LREN3,LOJAS RENNER,Consumer Cyclical,Retail,Apparel,0.16855258431599884,0.16855258431599884,16
5,1.4835128614278588,True,MGEL4,MANGELS,Basic Materials,Steel and Metallurgy,Metallurgy,0.09443180181858904,0.09443180181858904,32
5,1.4835128614278588,True,PETR3,PETROBRAS,Oil Gas and Biofuels,Oil Gas and Biofuels,Exploration Refining and Distribution,0.1254348706431875,0.1254348706431875,23
5,1.4835128614278588,True,PETR4,PETROBRAS,Oil Gas and Biofuels,Oil Gas and Biofuels,Exploration Refining and Distribution,0.1172714370785883,0.1172714370785883,26
5,1.4835128614278588,True,POMO4,MARCOPOLO,Industrials,Transportation Equipment,Commercial Vehicles,0.09504732236150516,0.09504732236150516,31
5,1.4835128614278588,True,PSSA3,PORTO SEGURO,Financials,Insurance,Insurance,0.1805930223588308,0.1805930223588308,12
5,1.4835128614278588,True,RAPT4,RANDON,Industrials,Transportation Equipment,Auto Parts,0.10072103435003898,0.10072103435003898,28
5,1.4835128614278588,True,RENT3,LOCALIZA,Industrials,Transportation,Rent a Car,0.18564750960027016,0.18564750960027016,11
5,1.4835128614278588,True,ROMI3,INDS ROMI,Industrials,Machinery and Equipment,Industrial Machinery,0.019858515016777434,0.019858515016777434,54
5,1.4835128614278588,True,SAPR4,SANEPAR,Utilities,Water and Sanitation,Water and Sanitation,-0.1079318019263448,0.1079318019263448,27
5,1.4835128614278588,True,SBSP3,SABESP,Utilities,Water and Sanitation,Water and Sanitation,-0.13151828534100737,0.13151828534100737,22
5,1.4835128614278588,True,SCAR3,SAO CARLOS,Real Estate,Real Estate,Commercial Properties,0.045399675552046465,0.045399675552046465,46
5,1.4835128614278588,True,SHUL4,SCHULZ,Industrials,Machinery and Equipment,Industrial Machinery,-0.02220958876527868,0.02220958876527868,51
5,1.4835128614278588,True,TELB3,TELEBRAS,Telecommunications,Telecommunications,Telecommunications,0.032194284414667235,0.032194284414667235,48
5,1.4835128614278588,True,TELB4,TELEBRAS,Telecommunications,Telecommunications,Telecommunications,0.050845872818579455,0.050845872818579455,45
5,1.4835128614278588,True,TRPL4,ISA CTEEP,Utilities,Electric Utility,Transmission,-0.17789529451526545,0.17789529451526545,13
5,1.4835128614278588,True,UNIP6,UNIPAR,Basic Materials,Chemicals,Chemicals,0.030325637378855935,0.030325637378855935,50
5,1.4835128614278588,True,USIM3,USIMINAS,Basic Materials,Steel and Metallurgy,Steel,-0.08915084052951945,0.08915084052951945,34
5,1.4835128614278588,True,USIM5,USIMINAS,Basic Materials,Steel and Metallurgy,Steel,-0.09680046352448718,0.09680046352448718,30
5,1.4835128614278588,True,VALE3,VALE,Basic Materials,Mining,Minerals,0.021367351602736246,0.021367351602736246,52
