,count,mean,min,25%,50%,75%,max,std,missing_pct
date,14859,2016-01-08 00:44:11.483949,2006-01-02 00:00:00,2011-01-10 00:00:00,2016-01-12 00:00:00,2021-01-13 00:00:00,2025-12-30 00:00:00,,0.0
log_return,14859.0,0.00037765769776196,-0.3523666109656791,-0.0122510044409822,0.0003736222722334,0.01296453329196055,0.2006706954621513,0.025152120019121073,0.0
target_rv_5d,14844.0,0.04734239169207934,0.0032238373702264695,0.02883098879252817,0.04035337977047749,0.05702654732160378,0.48545872190724215,0.030393948204228704,0.0010094891984655764
target_rv_20d,14799.0,0.10006247212677453,0.019834030652890647,0.06931869936705629,0.08704640277612238,0.11400971402740395,0.5849505853426789,0.051662971427130666,0.004037956793862305
price,14859.0,15.776563672109246,1.101602501342413,6.674699887633521,11.231200766967756,18.578957131055176,73.12,13.651200101730309,0.0
adj_close,14859.0,15.776563672109246,1.101602501342413,6.674699887633521,11.231200766967756,18.578957131055176,73.12,13.651200101730309,0.0
close,14859.0,36.7613816542163,4.2,22.62,31.8,46.015,119.99,20.239673864418265,0.0
volume,14859.0,24267579.790026248,124700.0,5594150.0,16342200.0,33597800.0,499194800.0,26643099.01645021,0.0
financial_volume,14859.0,730820299.4185343,12783740.0,182229520.5,452668559.0,989501655.5,11528773785.0,807966080.2286353,0.0
log_price,14859.0,2.458705397838313,0.0967659390746224,1.8983242195668018,2.4186956879646324,2.9220295997162884,4.292101927145895,0.7616338286587019,0.0
r_t,14859.0,0.00037765769776196,-0.3523666109656791,-0.0122510044409822,0.0003736222722334,0.01296453329196055,0.2006706954621513,0.025152120019121073,0.0
abs_r_t,14859.0,0.01749149479915788,0.0,0.0057647432278573,0.0125875787902671,0.02332263387403605,0.3523666109656791,0.018077577114255377,0.0
r2_t,14859.0,0.0006327291913072875,0.0,3.3232265561631926e-05,0.00015844713980118217,0.0005439452679803717,0.12416222852343825,0.0021786404129569958,0.0
rolling_mean_return_5d,14859.0,0.00037748673483477935,-0.13934244934488826,-0.005436677635115383,0.0006563895292171877,0.006518626201887116,0.08169816580494023,0.01092089022576263,0.0
rolling_mean_return_20d,14859.0,0.00037487864756478,-0.0478090058868536,-0.002697739912179923,0.0005726612474788054,0.003660013684047751,0.03154849678040267,0.005435925937677974,0.0
rolling_vol_5d,14859.0,0.021000171394523835,0.001096405482692124,0.0123722283149909,0.017787271162941508,0.025531374370270206,0.22620177967937033,0.01416716780564454,0.0
rolling_vol_20d,14859.0,0.022360537704807445,0.00390089952011628,0.015438642275535822,0.019455593776776033,0.02553209483972406,0.13183219982868735,0.011609744307577184,0.0
rolling_vol_60d,14859.0,0.023006943555425357,0.008261873912800345,0.016750924109202106,0.020101636751496135,0.025238485563264107,0.0820608384195494,0.010247260972993034,0.0
rolling_vol_120d,14859.0,0.02347877057090868,0.009896999658731122,0.017383394938221348,0.02061345165296062,0.025800671796075522,0.060289590360095235,0.009231431570458578,0.0
rolling_abs_return_5d,14859.0,0.017492655474729786,0.0011163585532825968,0.010544057748986289,0.014941665201966492,0.02103300204443638,0.19497576386166282,0.011350231840379562,0.0
rolling_abs_return_20d,14859.0,0.01749077195549534,0.0035296734606978354,0.012089940769370963,0.015262328859102106,0.01994118744227092,0.09930485947549066,0.00895567719916561,0.0
rolling_abs_return_60d,14859.0,0.017513988030215106,0.0062339819405528895,0.012808952301892967,0.015311241499589255,0.01940919387893673,0.05502493614787623,0.0075800086605500114,0.0
rolling_skew_60d,14859.0,-0.04716128240907205,-5.635505855509599,-0.3021064440124208,0.049152254716638526,0.37464150608607516,4.613514658580015,0.8503475975756283,0.0
rolling_kurtosis_60d,14859.0,1.6351011411263106,-1.0317120409659513,0.007240513447315228,0.5522262959390373,1.448343818977238,38.85251389913666,4.106971224952613,0.0
ewma_volatility,14859.0,0.02314805035709038,0.009142666335046498,0.01690676477998221,0.020396651222041866,0.02550462160233446,0.09168382964349073,0.009941897181705232,0.0
lagged_rv_5d,14859.0,0.047338077213959134,0.0032238373702264695,0.028843366646164367,0.04035932330546328,0.05699534635141598,0.48545872190724215,0.030380577110127278,0.0
lagged_rv_20d,14859.0,0.0999673134719576,0.019834030652890647,0.06930822535031907,0.08692359891229359,0.11386074044385897,0.5849505853426789,0.051586006626145896,0.0
largest_eigenvalue,14859.0,21.65046185200237,21.650461852002376,21.650461852002376,21.650461852002376,21.650461852002376,21.650461852002376,7.10566646474214e-15,0.0
market_mode_share,14859.0,0.3732838250345238,0.37328382503452373,0.37328382503452373,0.37328382503452373,0.37328382503452373,0.37328382503452373,5.551301925579796e-17,0.0
number_of_eigenvalues_above_mp,14859.0,5.0,5.0,5.0,5.0,5.0,5.0,0.0,0.0
mst_original_degree_centrality,14859.0,0.04093567251461986,0.0175438596491228,0.0175438596491228,0.0526315789473684,0.0526315789473684,0.0526315789473684,0.016541066111723752,0.0
mst_original_betweenness,14859.0,0.31432748538011696,0.0,0.0,0.4354636591478696,0.5075187969924811,0.5075187969924811,0.2242088110555281,0.0
mst_original_degree,14859.0,2.3333333333333335,1.0,1.0,3.0,3.0,3.0,0.9428407683682546,0.0
mst_group_degree_centrality,14859.0,0.08187134502923973,0.0175438596491228,0.0175438596491228,0.0526315789473684,0.175438596491228,0.175438596491228,0.06769723067366176,0.0
mst_group_betweenness,14859.0,0.3162071846282372,0.0,0.0,0.3659147869674185,0.5827067669172932,0.5827067669172932,0.24047975143885258,0.0
mst_group_degree,14859.0,4.666666666666667,1.0,1.0,3.0,10.0,10.0,3.8587421483987216,0.0
pmfg_original_degree,14859.0,10.333333333333334,7.0,7.0,8.0,16.0,16.0,4.027817528088213,0.0
pmfg_original_degree_centrality,14859.0,0.18128654970760233,0.1228070175438596,0.1228070175438596,0.1403508771929824,0.2807017543859649,0.2807017543859649,0.07066346540505637,0.0
pmfg_original_betweenness,14859.0,0.12990810359231406,0.012531328320802,0.012531328320802,0.0181704260651629,0.3590225563909774,0.3590225563909774,0.1620301916471167,0.0
pmfg_original_clustering,14859.0,0.24370431776035148,0.1586088454773463,0.1586088454773463,0.274741204289222,0.2977629035144862,0.2977629035144862,0.060903221869260865,0.0
pmfg_group_degree,14859.0,10.333333333333334,6.0,6.0,12.0,13.0,13.0,3.0913101883902456,0.0
pmfg_group_degree_centrality,14859.0,0.18128654970760222,0.1052631578947368,0.1052631578947368,0.2105263157894736,0.2280701754385964,0.2280701754385964,0.05423351207702183,0.0
pmfg_group_betweenness,14859.0,0.17627401837928147,0.0087719298245614,0.0087719298245614,0.213032581453634,0.3070175438596491,0.3070175438596491,0.1245058778358282,0.0
pmfg_group_clustering,14859.0,0.37627703334753326,0.2656199373303939,0.2656199373303939,0.2969180724485828,0.5662930902636231,0.5662930902636231,0.13497236450677758,0.0
